ICD	code	occurrence	no.patients
ICD9	V58	353540	9840
ICD9	401	189647	9171
ICD9	250	154242	4234
ICD9	786	140506	12053
ICD9	272	110671	7280
ICD9	427	107198	5092
ICD9	780	100845	9224
ICD9	V45	98269	6573
ICD9	414	82886	3765
ICD9	428	72856	2325
ICD9	585	71758	2238
ICD9	530	69647	5932
ICD9	724	62061	5015
ICD9	719	61860	5781
ICD9	V15	61847	5985
ICD9	276	58063	3792
ICD9	729	56010	6407
ICD9	787	55991	5888
ICD9	305	55640	3453
ICD9	285	54106	4079
ICD9	789	53975	5572
ICD9	493	52870	4164
ICD9	V12	49740	4843
ICD9	V42	46649	640
ICD9	311	45230	3918
ICD9	244	43157	2492
ICD9	99	41590	3656
ICD9	300	41441	3935
ICD9	174	40516	615
ICD9	V72	39637	6745
ICD9	278	38826	3770
ICD9	V10	38039	2670
ICD9	403	36829	1794
ICD9	715	36350	3578
ICD9	V14	36050	2973
ICD9	338	34881	3396
ICD9	782	32865	5844
ICD9	496	32434	2413
ICD9	518	31718	3305
ICD9	V57	31475	2463
ICD9	733	30240	3602
ICD9	784	30171	4767
ICD9	V76	29302	4654
ICD9	788	29172	4312
ICD9	793	28821	4807
ICD9	785	28731	4388
ICD9	477	27188	3014
ICD9	599	27153	3616
ICD9	707	26730	784
ICD9	327	26561	2404
ICD9	790	26472	4187
ICD9	V43	25347	1802
ICD9	564	25303	3371
ICD9	296	23949	1531
ICD9	38	22567	3382
ICD9	277	22110	451
ICD9	424	21632	3218
ICD9	V67	21241	4866
ICD9	783	20781	2657
ICD9	162	20628	381
ICD9	V70	20545	4497
ICD9	996	20158	1496
ICD9	710	19015	487
ICD9	275	18920	1670
ICD9	584	18913	1660
ICD9	722	18715	2745
ICD9	571	17523	1208
ICD9	443	17259	1468
ICD9	204	16789	139
ICD9	723	16333	2268
ICD9	429	15748	3437
ICD9	453	15685	955
ICD9	203	15656	142
ICD9	205	15523	148
ICD9	88	15378	3394
ICD9	282	15293	232
ICD9	V85	15180	2287
ICD9	714	15085	609
ICD9	288	15060	1749
ICD9	511	14791	1614
ICD9	781	14696	1994
ICD9	425	14645	1021
ICD9	412	14532	1251
ICD9	V49	14495	1802
ICD9	V17	14095	2416
ICD9	995	13998	1713
ICD9	682	13912	1860
ICD9	V04	13899	5097
ICD9	274	13331	946
ICD9	041	13152	1911
ICD9	362	13032	967
ICD9	721	12985	2452
ICD9	202	12785	267
ICD9	287	12766	1072
ICD9	794	12542	3624
ICD9	426	12528	1844
ICD9	728	12521	2126
ICD9	416	12488	1303
ICD9	716	11952	2338
ICD9	799	11893	1979
ICD9	280	11798	1475
ICD9	038	11602	972
ICD9	45	11586	3336
ICD9	070	11499	419
ICD9	348	11490	1089
ICD9	611	11348	1899
ICD9	473	11327	1767
ICD9	295	11323	223
ICD9	486	11286	1929
ICD9	198	11199	370
ICD9	389	11151	1352
ICD9	458	11130	1592
ICD9	600	10919	1111
ICD9	238	10630	716
ICD9	268	10513	1876
ICD9	577	10480	658
ICD9	593	10449	2025
ICD9	569	10326	1835
ICD9	357	10284	1112
ICD9	V44	10204	544
ICD9	V53	9857	1620
ICD9	V16	9738	1831
ICD9	366	9625	1305
ICD9	998	9619	1279
ICD9	478	9604	2094
ICD9	346	9597	1288
ICD9	284	9419	501
ICD9	86	9380	2215
ICD9	553	9316	1702
ICD9	726	9279	2055
ICD9	562	9123	2242
ICD9	309	9066	975
ICD9	440	9057	1757
ICD9	197	8976	321
ICD9	356	8910	1276
ICD9	345	8621	435
ICD9	V54	8421	1481
ICD9	410	8363	825
ICD9	V13	8285	2182
ICD9	959	7852	2364
ICD9	555	7721	184
ICD9	578	7697	1264
ICD9	459	7575	1340
ICD9	37	7495	1998
ICD9	592	7494	896
ICD9	365	7487	705
ICD9	465	7476	2515
ICD9	183	7424	98
ICD9	648	7417	438
ICD9	39	7398	1035
ICD9	00	7224	1402
ICD9	441	7102	394
ICD9	491	6961	1050
ICD9	455	6941	1975
ICD9	211	6879	1995
ICD9	303	6874	482
ICD9	112	6865	1351
ICD9	433	6748	834
ICD9	304	6644	482
ICD9	536	6569	1171
ICD9	583	6524	594
ICD9	172	6420	138
ICD9	185	6386	258
ICD9	415	6284	404
ICD9	355	6276	1277
ICD9	730	6139	273
ICD9	447	6064	1149
ICD9	266	6043	740
ICD9	V03	6014	3005
ICD9	154	5945	94
ICD9	462	5830	1828
ICD9	560	5830	625
ICD9	625	5806	1357
ICD9	279	5801	389
ICD9	727	5762	1504
ICD9	96	5750	974
ICD9	333	5727	894
ICD9	434	5669	678
ICD9	596	5616	731
ICD9	692	5603	1639
ICD9	457	5568	377
ICD9	V65	5508	1484
ICD9	V46	5375	824
ICD9	153	5344	156
ICD9	573	5339	1062
ICD9	572	5307	275
ICD9	574	5297	907
ICD9	379	5125	1140
ICD9	997	5091	712
ICD9	737	5034	745
ICD9	314	5012	483
ICD9	042	4953	137
ICD9	368	4905	1260
ICD9	607	4840	816
ICD9	135	4775	185
ICD9	V87	4742	757
ICD9	242	4739	568
ICD9	438	4731	415
ICD9	03	4721	902
ICD9	696	4700	330
ICD9	199	4691	417
ICD9	E878	4681	1276
ICD9	V20	4669	923
ICD9	V62	4656	522
ICD9	263	4555	443
ICD9	289	4540	626
ICD9	492	4443	773
ICD9	626	4442	937
ICD9	286	4437	438
ICD9	709	4423	1565
ICD9	89	4419	1424
ICD9	494	4400	325
ICD9	791	4397	1007
ICD9	V86	4378	341
ICD9	490	4326	1381
ICD9	273	4325	325
ICD9	008	4275	657
ICD9	V82	4230	1903
ICD9	519	4222	745
ICD9	397	4221	1102
ICD9	V23	4193	234
ICD9	627	4173	1203
ICD9	413	4138	890
ICD9	255	4132	442
ICD9	753	4101	734
ICD9	535	4042	1125
ICD9	482	3938	376
ICD9	354	3910	755
ICD9	301	3890	284
ICD9	702	3889	865
ICD9	515	3843	419
ICD9	196	3838	407
ICD9	294	3813	444
ICD9	V08	3765	136
ICD9	423	3763	579
ICD9	33	3749	703
ICD9	171	3742	72
ICD9	079	3710	1206
ICD9	343	3633	92
ICD9	241	3603	543
ICD9	528	3567	730
ICD9	591	3549	486
ICD9	537	3513	842
ICD9	246	3489	831
ICD9	388	3461	1183
ICD9	V77	3444	1394
ICD9	698	3442	975
ICD9	141	3437	57
ICD9	110	3426	944
ICD9	796	3381	1455
ICD9	358	3356	81
ICD9	367	3342	1079
ICD9	512	3323	442
ICD9	454	3276	481
ICD9	507	3272	305
ICD9	756	3246	396
ICD9	795	3239	871
ICD9	V07	3237	843
ICD9	161	3236	58
ICD9	616	3221	963
ICD9	257	3182	293
ICD9	201	3176	43
ICD9	382	3107	868
ICD9	V88	3106	805
ICD9	331	3105	435
ICD9	411	3094	680
ICD9	170	3069	69
ICD9	54	3049	674
ICD9	239	3045	785
ICD9	253	3043	230
ICD9	369	3015	489
ICD9	200	3009	122
ICD9	93	2998	1204
ICD9	340	2995	124
ICD9	695	2973	674
ICD9	556	2923	159
ICD9	745	2918	253
ICD9	252	2909	304
ICD9	81	2887	1008
ICD9	146	2885	53
ICD9	V18	2882	964
ICD9	747	2882	417
ICD9	85	2853	578
ICD9	446	2851	140
ICD9	188	2824	94
ICD9	588	2805	295
ICD9	189	2805	119
ICD9	078	2789	535
ICD9	249	2773	241
ICD9	999	2765	324
ICD9	V25	2740	557
ICD9	V22	2723	368
ICD9	623	2708	751
ICD9	307	2674	513
ICD9	380	2671	816
ICD9	558	2662	855
ICD9	704	2652	748
ICD9	V66	2642	272
ICD9	332	2627	115
ICD9	344	2626	142
ICD9	209	2619	54
ICD9	620	2579	672
ICD9	13	2549	478
ICD9	466	2547	994
ICD9	461	2532	1015
ICD9	706	2519	805
ICD9	315	2519	317
ICD9	567	2517	213
ICD9	173	2505	440
ICD9	V06	2502	1426
ICD9	054	2463	478
ICD9	375	2457	588
ICD9	372	2440	793
ICD9	182	2423	104
ICD9	472	2404	696
ICD9	87	2373	1080
ICD9	701	2347	711
ICD9	736	2305	532
ICD9	576	2304	256
ICD9	41	2303	438
ICD9	E849	2282	1500
ICD9	150	2272	33
ICD9	396	2270	543
ICD9	579	2259	222
ICD9	V55	2237	399
ICD9	575	2232	585
ICD9	293	2216	322
ICD9	550	2173	354
ICD9	V73	2168	1088
ICD9	618	2167	358
ICD9	456	2167	171
ICD9	444	2165	390
ICD9	402	2147	430
ICD9	281	2140	348
ICD9	359	2135	115
ICD9	437	2128	500
ICD9	742	2128	147
ICD9	681	2118	483
ICD9	V28	2115	378
ICD9	34	2114	434
ICD9	36	2104	709
ICD9	514	2103	557
ICD9	E888	2103	1013
ICD9	394	2090	739
ICD9	92	2078	976
ICD9	218	2076	501
ICD9	40	2066	649
ICD9	649	2041	225
ICD9	758	2033	113
ICD9	435	2029	458
ICD9	155	2026	79
ICD9	V05	2013	874
ICD9	381	2006	573
ICD9	735	2001	460
ICD9	233	1998	255
ICD9	759	1997	173
ICD9	659	1988	226
ICD9	195	1984	138
ICD9	V74	1952	762
ICD9	342	1950	187
ICD9	924	1926	697
ICD9	298	1907	430
ICD9	610	1903	510
ICD9	E933	1894	479
ICD9	746	1887	222
ICD9	840	1886	468
ICD9	97	1876	595
ICD9	805	1844	210
ICD9	053	1832	372
ICD9	157	1823	40
ICD9	708	1793	453
ICD9	779	1787	207
ICD9	256	1748	405
ICD9	847	1747	650
ICD9	E879	1739	739
ICD9	91	1732	1029
ICD9	646	1719	269
ICD9	738	1705	443
ICD9	262	1690	119
ICD9	905	1667	452
ICD9	31	1660	374
ICD9	770	1659	141
ICD9	283	1654	68
ICD9	718	1654	469
ICD9	374	1650	361
ICD9	521	1622	397
ICD9	807	1620	248
ICD9	487	1605	522
ICD9	V71	1604	923
ICD9	V79	1595	634
ICD9	57	1573	661
ICD9	525	1571	432
ICD9	568	1571	334
ICD9	191	1566	45
ICD9	291	1558	144
ICD9	464	1534	335
ICD9	582	1516	161
ICD9	765	1505	149
ICD9	117	1478	207
ICD9	51	1445	391
ICD9	590	1440	302
ICD9	373	1429	418
ICD9	E928	1422	1028
ICD9	608	1405	306
ICD9	516	1402	118
ICD9	581	1388	137
ICD9	700	1386	394
ICD9	180	1382	49
ICD9	V30	1380	379
ICD9	V64	1374	607
ICD9	55	1371	346
ICD9	691	1347	333
ICD9	42	1346	329
ICD9	873	1337	384
ICD9	517	1317	165
ICD9	471	1316	212
ICD9	227	1302	189
ICD9	349	1298	253
ICD9	225	1288	86
ICD9	79	1285	297
ICD9	386	1277	319
ICD9	642	1269	142
ICD9	595	1263	404
ICD9	292	1253	279
ICD9	686	1252	394
ICD9	251	1250	362
ICD9	83	1249	542
ICD9	451	1235	234
ICD9	442	1226	210
ICD9	527	1222	325
ICD9	845	1216	432
ICD9	907	1191	98
ICD9	378	1189	194
ICD9	V68	1188	651
ICD9	V26	1185	369
ICD9	V60	1185	232
ICD9	216	1184	503
ICD9	337	1183	206
ICD9	22	1181	190
ICD9	725	1173	101
ICD9	94	1172	168
ICD9	705	1144	156
ICD9	V56	1141	102
ICD9	151	1135	39
ICD9	654	1119	156
ICD9	336	1118	175
ICD9	193	1113	67
ICD9	48	1107	622
ICD9	145	1104	42
ICD9	717	1103	320
ICD9	04	1094	367
ICD9	474	1092	328
ICD9	V11	1090	269
ICD9	565	1089	151
ICD9	703	1074	382
ICD9	524	1060	261
ICD9	621	1059	338
ICD9	377	1044	137
ICD9	237	1041	62
ICD9	958	1035	173
ICD9	158	1035	42
ICD9	570	1029	95
ICD9	184	1025	27
ICD9	531	1023	223
ICD9	919	1014	437
ICD9	754	1013	161
ICD9	E929	1010	471
ICD9	906	1008	198
ICD9	813	1002	186
ICD9	557	994	139
ICD9	748	990	156
ICD9	V50	979	249
ICD9	820	975	105
ICD9	031	968	77
ICD9	136	968	173
ICD9	E906	967	518
ICD9	824	965	171
ICD9	208	963	102
ICD9	713	962	98
ICD9	792	954	360
ICD9	240	952	275
ICD9	364	950	159
ICD9	622	945	316
ICD9	404	944	184
ICD9	259	938	170
ICD9	948	920	141
ICD9	693	914	287
ICD9	731	914	115
ICD9	922	912	324
ICD9	586	910	324
ICD9	46	910	237
ICD9	566	895	82
ICD9	432	890	89
ICD9	299	888	75
ICD9	77	887	350
ICD9	59	856	268
ICD9	909	850	293
ICD9	941	844	42
ICD9	755	843	98
ICD9	942	825	50
ICD9	823	813	100
ICD9	923	788	313
ICD9	V81	787	488
ICD9	587	787	231
ICD9	533	784	213
ICD9	V27	782	337
ICD9	214	782	279
ICD9	741	782	34
ICD9	E885	779	590
ICD9	751	772	175
ICD9	945	770	77
ICD9	552	767	142
ICD9	V01	759	321
ICD9	228	756	187
ICD9	720	752	145
ICD9	510	751	44
ICD9	775	750	78
ICD9	812	748	114
ICD9	522	747	234
ICD9	53	743	413
ICD9	E932	742	277
ICD9	943	741	66
ICD9	148	737	18
ICD9	529	732	196
ICD9	802	725	83
ICD9	361	723	116
ICD9	690	722	281
ICD9	920	722	287
ICD9	750	721	131
ICD9	752	719	109
ICD9	43	717	350
ICD9	80	716	331
ICD9	194	716	20
ICD9	350	714	86
ICD9	245	713	134
ICD9	532	713	126
ICD9	370	712	164
ICD9	156	711	16
ICD9	84	710	207
ICD9	431	700	95
ICD9	147	695	20
ICD9	75	688	221
ICD9	825	682	178
ICD9	852	678	68
ICD9	470	671	239
ICD9	655	670	173
ICD9	371	661	144
ICD9	647	659	97
ICD9	430	654	61
ICD9	656	650	118
ICD9	353	648	117
ICD9	E927	647	493
ICD9	891	642	168
ICD9	179	632	34
ICD9	E980	624	222
ICD9	844	620	264
ICD9	879	615	228
ICD9	44	611	236
ICD9	712	608	148
ICD9	601	606	164
ICD9	290	604	93
ICD9	50	596	210
ICD9	192	583	23
ICD9	944	574	86
ICD9	261	573	97
ICD9	IMO0002	571	261
ICD9	883	569	226
ICD9	V02	567	229
ICD9	821	563	61
ICD9	908	562	277
ICD9	816	561	113
ICD9	836	558	230
ICD9	774	558	170
ICD9	14	550	135
ICD9	034	548	256
ICD9	916	546	224
ICD9	617	545	144
ICD9	776	540	56
ICD9	68	537	351
ICD9	271	531	231
ICD9	643	528	92
ICD9	35	528	151
ICD9	160	527	17
ICD9	V09	526	166
ICD9	269	524	158
ICD9	186	523	18
ICD9	829	521	131
ICD9	614	519	169
ICD9	351	518	108
ICD9	934	516	100
ICD9	49	507	183
ICD9	73	505	214
ICD9	485	503	65
ICD9	711	500	68
ICD9	90	494	339
ICD9	680	489	215
ICD9	E947	486	381
ICD9	319	479	76
ICD9	808	478	58
ICD9	842	475	201
ICD9	644	471	159
ICD9	910	471	171
ICD9	757	467	141
ICD9	405	466	127
ICD9	21	465	191
ICD9	217	464	142
ICD9	308	464	216
ICD9	339	463	141
ICD9	02	462	89
ICD9	848	459	225
ICD9	448	459	79
ICD9	452	459	47
ICD9	651	458	40
ICD9	E812	454	356
ICD9	V29	450	91
ICD9	32	448	151
ICD9	892	444	106
ICD9	232	437	115
ICD9	E917	434	353
ICD9	640	432	118
ICD9	78	432	155
ICD9	310	430	119
ICD9	603	426	113
ICD9	06	414	195
ICD9	376	414	112
ICD9	360	411	85
ICD9	421	409	42
ICD9	526	409	85
ICD9	312	409	115
ICD9	E819	409	214
ICD9	V19	408	182
ICD9	01	407	117
ICD9	734	406	109
ICD9	297	399	75
ICD9	V52	395	54
ICD9	V61	391	177
ICD9	749	390	25
ICD9	843	383	127
ICD9	V91	380	14
ICD9	436	376	154
ICD9	212	374	59
ICD9	23	374	155
ICD9	152	369	17
ICD9	850	367	134
ICD9	17	366	204
ICD9	224	363	92
ICD9	863	361	14
ICD9	V24	361	147
ICD9	094	349	43
ICD9	918	347	90
ICD9	65	344	243
ICD9	82	344	179
ICD9	605	343	62
ICD9	385	342	98
ICD9	882	340	111
ICD9	540	340	79
ICD9	989	335	149
ICD9	744	334	52
ICD9	69	334	198
ICD9	384	329	94
ICD9	965	328	89
ICD9	624	325	117
ICD9	861	324	37
ICD9	641	323	72
ICD9	235	323	161
ICD9	881	321	123
ICD9	523	321	130
ICD9	20	318	157
ICD9	826	316	139
ICD9	685	313	46
ICD9	IMO0001	309	126
ICD9	628	308	78
ICD9	56	308	130
ICD9	383	306	39
ICD9	159	305	21
ICD9	324	304	18
ICD9	341	304	38
ICD9	E884	304	240
ICD9	810	301	43
ICD9	598	301	65
ICD9	215	299	99
ICD9	363	297	66
ICD9	131	295	136
ICD9	213	294	85
ICD9	480	292	99
ICD9	398	292	42
ICD9	317	291	39
ICD9	913	290	110
ICD9	111	290	118
ICD9	831	289	73
ICD9	243	286	18
ICD9	V69	282	129
ICD9	952	279	37
ICD9	302	278	128
ICD9	E930	276	196
ICD9	08	276	113
ICD9	E880	276	218
ICD9	E920	272	225
ICD9	732	266	63
ICD9	27	261	101
ICD9	815	260	72
ICD9	949	260	68
ICD9	138	258	21
ICD9	860	256	40
ICD9	694	256	30
ICD9	149	256	29
ICD9	664	253	126
ICD9	604	250	79
ICD9	969	250	70
ICD9	258	248	20
ICD9	769	247	42
ICD9	70	245	127
ICD9	E935	242	173
ICD9	652	241	87
ICD9	52	239	58
ICD9	935	237	82
ICD9	270	235	41
ICD9	76	234	45
ICD9	890	233	27
ICD9	V84	233	42
ICD9	658	232	95
ICD9	917	231	105
ICD9	513	231	27
ICD9	990	228	30
ICD9	115	227	9
ICD9	V78	226	165
ICD9	V90	226	57
ICD9	009	224	86
ICD9	771	222	51
ICD9	28	221	165
ICD9	420	220	48
ICD9	E915	219	158
ICD9	481	218	77
ICD9	484	217	44
ICD9	E989	211	93
ICD9	933	211	78
ICD9	977	209	67
ICD9	12	209	96
ICD9	039	207	25
ICD9	911	206	109
ICD9	64	206	160
ICD9	822	205	22
ICD9	663	204	73
ICD9	E942	204	150
ICD9	075	204	44
ICD9	306	203	103
ICD9	541	202	47
ICD9	220	201	75
ICD9	764	201	40
ICD9	082	199	69
ICD9	206	198	10
ICD9	743	198	53
ICD9	772	196	31
ICD9	580	194	63
ICD9	594	194	46
ICD9	495	193	17
ICD9	74	192	119
ICD9	534	190	35
ICD9	801	189	26
ICD9	880	186	27
ICD9	347	186	28
ICD9	040	185	16
ICD9	71	185	78
ICD9	894	184	66
ICD9	230	184	31
ICD9	47	184	103
ICD9	674	182	54
ICD9	210	182	49
ICD9	133	182	78
ICD9	088	181	47
ICD9	921	180	78
ICD9	893	179	66
ICD9	463	179	77
ICD9	322	177	45
ICD9	867	174	34
ICD9	E905	174	112
ICD9	164	174	9
ICD9	334	173	31
ICD9	697	172	37
ICD9	60	171	106
ICD9	E887	169	147
ICD9	684	167	85
ICD9	619	166	33
ICD9	811	162	21
ICD9	460	162	97
ICD9	325	162	9
ICD9	E924	161	83
ICD9	854	159	40
ICD9	057	158	69
ICD9	66	158	109
ICD9	520	157	59
ICD9	229	156	65
ICD9	313	156	29
ICD9	773	154	16
ICD9	865	152	11
ICD9	864	151	17
ICD9	632	150	42
ICD9	650	150	108
ICD9	046	149	3
ICD9	323	149	48
ICD9	777	146	22
ICD9	634	145	58
ICD9	E934	145	109
ICD9	98	145	76
ICD9	E950	143	71
ICD9	V31	140	20
ICD9	E931	139	104
ICD9	099	139	46
ICD9	814	138	46
ICD9	V40	138	40
ICD9	67	138	80
ICD9	488	136	75
ICD9	25	136	66
ICD9	29	136	70
ICD9	144	136	9
ICD9	318	135	29
ICD9	E968	134	82
ICD9	236	133	41
ICD9	797	131	18
ICD9	868	130	13
ICD9	629	130	71
ICD9	806	129	15
ICD9	897	129	25
ICD9	671	129	20
ICD9	501	128	17
ICD9	602	123	67
ICD9	V83	123	22
ICD9	330	123	9
ICD9	30	123	51
ICD9	800	121	4
ICD9	V89	121	76
ICD9	914	121	44
ICD9	422	120	8
ICD9	E939	119	79
ICD9	223	119	39
ICD9	834	117	29
ICD9	669	117	26
ICD9	316	116	47
ICD9	V80	115	98
ICD9	052	114	18
ICD9	E858	114	77
ICD9	190	114	13
ICD9	18	113	55
ICD9	V21	112	53
ICD9	508	112	39
ICD9	E960	109	75
ICD9	483	108	26
ICD9	142	107	15
ICD9	739	104	21
ICD9	835	103	24
ICD9	226	103	33
ICD9	903	103	7
ICD9	866	100	41
ICD9	872	100	26
ICD9	539	100	25
ICD9	902	99	8
ICD9	074	98	49
ICD9	991	98	20
ICD9	320	98	20
ICD9	E937	97	82
ICD9	874	96	15
ICD9	645	96	51
ICD9	335	96	17
ICD9	895	93	6
ICD9	321	93	4
ICD9	V41	92	43
ICD9	V59	92	19
ICD9	011	92	26
ICD9	175	92	5
ICD9	927	91	27
ICD9	V51	89	24
ICD9	E870	89	84
ICD9	066	87	32
ICD9	E816	86	76
ICD9	915	85	35
ICD9	846	84	39
ICD9	E944	84	64
ICD9	234	83	33
ICD9	661	82	60
ICD9	047	81	17
ICD9	097	80	16
ICD9	181	80	1
ICD9	E000	80	74
ICD9	970	79	39
ICD9	589	79	65
ICD9	132	78	19
ICD9	58	76	44
ICD9	633	72	13
ICD9	26	72	42
ICD9	884	71	23
ICD9	666	71	39
ICD9	077	71	36
ICD9	838	70	32
ICD9	615	70	40
ICD9	E916	70	65
ICD9	E926	70	26
ICD9	994	69	33
ICD9	832	68	21
ICD9	673	68	7
ICD9	E918	67	62
ICD9	992	66	34
ICD9	938	65	27
ICD9	912	64	41
ICD9	931	64	35
ICD9	875	62	12
ICD9	597	62	37
ICD9	387	62	13
ICD9	E969	61	15
ICD9	058	61	11
ICD9	778	61	33
ICD9	05	61	17
ICD9	19	61	36
ICD9	839	60	21
ICD9	612	60	19
ICD9	967	59	23
ICD9	E850	59	52
ICD9	E007	59	43
ICD9	870	57	17
ICD9	657	57	12
ICD9	E922	57	15
ICD9	475	57	15
ICD9	878	56	7
ICD9	417	56	27
ICD9	963	56	26
ICD9	966	54	22
ICD9	E826	54	42
ICD9	635	53	22
ICD9	760	53	25
ICD9	E881	53	46
ICD9	E958	52	31
ICD9	130	52	6
ICD9	683	49	27
ICD9	886	48	16
ICD9	007	48	7
ICD9	265	48	7
ICD9	665	47	15
ICD9	476	47	21
ICD9	E814	47	30
ICD9	07	47	31
ICD9	352	47	15
ICD9	955	46	20
ICD9	15	46	22
ICD9	390	46	14
ICD9	830	45	16
ICD9	V75	45	34
ICD9	E854	45	35
ICD9	833	44	9
ICD9	853	44	24
ICD9	61	44	22
ICD9	841	43	20
ICD9	09	43	20
ICD9	139	42	21
ICD9	876	41	13
ICD9	670	41	11
ICD9	143	41	4
ICD9	987	40	22
ICD9	543	40	18
ICD9	16	40	20
ICD9	24	40	30
ICD9	95	40	25
ICD9	676	39	20
ICD9	098	39	21
ICD9	E813	39	30
ICD9	E815	39	37
ICD9	E936	38	31
ICD9	972	38	18
ICD9	10	38	19
ICD9	11	38	12
ICD9	803	37	12
ICD9	E821	36	25
ICD9	125	36	4
ICD9	962	35	19
ICD9	827	34	8
ICD9	E941	34	31
ICD9	930	34	19
ICD9	763	33	21
ICD9	005	32	18
ICD9	E967	32	28
ICD9	090	32	10
ICD9	928	32	13
ICD9	798	32	9
ICD9	E919	31	27
ICD9	231	31	14
ICD9	956	31	10
ICD9	862	28	9
ICD9	003	28	10
ICD9	E945	28	26
ICD9	264	28	13
ICD9	035	28	12
ICD9	936	28	19
ICD9	766	28	20
ICD9	768	28	7
ICD9	391	28	6
ICD9	982	27	17
ICD9	660	26	18
ICD9	207	26	8
ICD9	932	26	13
ICD9	985	26	4
ICD9	62	26	17
ICD9	631	25	14
ICD9	637	25	13
ICD9	E029	24	21
ICD9	E912	24	21
ICD9	E966	23	19
ICD9	946	23	10
ICD9	E899	23	21
ICD9	E030	22	20
ICD9	221	22	18
ICD9	960	21	8
ICD9	502	21	2
ICD9	E853	21	17
ICD9	63	21	16
ICD9	72	21	17
ICD9	V47	20	8
ICD9	939	20	12
ICD9	127	20	7
ICD9	E855	20	18
ICD9	877	19	9
ICD9	V48	19	9
ICD9	E938	19	16
ICD9	018	19	2
ICD9	091	19	7
ICD9	E001	19	18
ICD9	869	18	5
ICD9	639	18	8
ICD9	761	18	16
ICD9	767	18	13
ICD9	606	17	12
ICD9	E956	17	15
ICD9	254	17	8
ICD9	957	17	13
ICD9	964	17	11
ICD9	975	17	11
ICD9	762	17	12
ICD9	542	17	6
ICD9	E828	17	13
ICD9	163	17	7
ICD9	851	16	11
ICD9	E914	16	14
ICD9	033	16	7
ICD9	940	16	11
ICD9	980	16	10
ICD9	506	16	10
ICD9	120	16	2
ICD9	134	16	9
ICD9	395	16	12
ICD9	871	15	6
ICD9	049	15	4
ICD9	947	15	4
ICD9	971	15	8
ICD9	E818	15	15
ICD9	114	15	3
ICD9	E890	15	11
ICD9	E894	15	13
ICD9	804	14	6
ICD9	630	14	2
ICD9	675	14	7
ICD9	E943	14	13
ICD9	176	14	2
ICD9	E882	14	13
ICD9	667	13	6
ICD9	E946	13	12
ICD9	551	13	4
ICD9	326	13	5
ICD9	E817	13	12
ICD9	E824	13	12
ICD9	E865	13	10
ICD9	E886	13	12
ICD9	E006	13	13
ICD9	118	12	1
ICD9	E866	12	9
ICD9	222	11	9
ICD9	E925	11	6
ICD9	951	11	4
ICD9	974	11	10
ICD9	983	11	4
ICD9	E003	11	9
ICD9	887	10	1
ICD9	672	10	4
ICD9	E965	10	4
ICD9	083	10	5
ICD9	E825	10	8
ICD9	662	9	8
ICD9	E948	9	7
ICD9	E949	9	7
ICD9	087	9	4
ICD9	968	9	7
ICD9	986	9	4
ICD9	E852	9	9
ICD9	E883	9	9
ICD9	219	8	7
ICD9	260	8	6
ICD9	267	8	3
ICD9	045	8	6
ICD9	538	8	1
ICD9	E005	8	8
ICD9	E008	8	8
ICD9	828	7	4
ICD9	896	7	3
ICD9	E900	7	5
ICD9	445	7	4
ICD9	027	7	3
ICD9	E985	7	3
ICD9	E988	7	6
ICD9	988	7	2
ICD9	116	7	2
ICD9	E823	7	7
ICD9	128	7	2
ICD9	E869	7	7
ICD9	E897	7	5
ICD9	E019	7	7
ICD9	837	6	5
ICD9	638	6	1
ICD9	V63	6	6
ICD9	E959	6	4
ICD9	E975	6	6
ICD9	015	6	3
ICD9	017	6	4
ICD9	904	6	3
ICD9	953	6	4
ICD9	993	6	3
ICD9	E822	6	3
ICD9	140	6	4
ICD9	E873	6	4
ICD9	187	6	2
ICD9	E015	6	5
ICD9	E016	6	6
ICD9	809	5	2
ICD9	679	5	2
ICD9	E903	5	4
ICD9	004	5	2
ICD9	901	5	3
ICD9	393	5	1
ICD9	E871	5	5
ICD9	E876	5	5
ICD9	E861	5	5
ICD9	E893	5	4
ICD9	653	4	3
ICD9	E910	4	1
ICD9	E901	4	3
ICD9	E953	4	4
ICD9	740	4	3
ICD9	984	4	4
ICD9	123	4	2
ICD9	E856	4	4
ICD9	E863	4	4
ICD9	E892	4	4
ICD9	E013	4	4
ICD9	E004	4	4
ICD9	817	3	1
ICD9	818	3	3
ICD9	819	3	2
ICD9	E911	3	2
ICD9	449	3	3
ICD9	E907	3	2
ICD9	E955	3	2
ICD9	036	3	2
ICD9	E982	3	3
ICD9	076	3	2
ICD9	929	3	2
ICD9	937	3	3
ICD9	961	3	3
ICD9	504	3	1
ICD9	129	3	3
ICD9	E864	3	3
ICD9	E898	3	3
ICD9	E014	3	3
ICD9	V34	2	1
ICD9	668	2	2
ICD9	678	2	1
ICD9	E921	2	2
ICD9	E923	2	2
ICD9	012	2	1
ICD9	E977	2	2
ICD9	E962	2	1
ICD9	023	2	1
ICD9	E987	2	2
ICD9	062	2	1
ICD9	084	2	2
ICD9	093	2	2
ICD9	950	2	2
ICD9	M8050/0	2	1
ICD9	505	2	2
ICD9	102	2	2
ICD9	124	2	2
ICD9	E829	2	2
ICD9	E848	2	2
ICD9	E862	2	2
ICD9	E002	2	2
ICD9	885	1	1
ICD9	E902	1	1
ICD9	E904	1	1
ICD9	E952	1	1
ICD9	E957	1	1
ICD9	010	1	1
ICD9	014	1	1
ICD9	E961	1	1
ICD9	022	1	1
ICD9	E963	1	1
ICD9	024	1	1
ICD9	E999	1	1
ICD9	051	1	1
ICD9	056	1	1
ICD9	071	1	1
ICD9	085	1	1
ICD9	092	1	1
ICD9	SLEEP APNEA,CEN	1	1
ICD9	900	1	1
ICD9	973	1	1
ICD9	976	1	1
ICD9	978	1	1
ICD9	981	1	1
ICD9	E811	1	1
ICD9	100	1	1
ICD9	E834	1	1
ICD9	121	1	1
ICD9	122	1	1
ICD9	E820	1	1
ICD9	126	1	1
ICD9	E827	1	1
ICD9	E851	1	1
ICD9	137	1	1
ICD9	E857	1	1
ICD9	E844	1	1
ICD9	E847	1	1
ICD9	392	1	1
ICD9	E874	1	1
ICD9	E860	1	1
ICD9	E868	1	1
ICD9	E010	1	1
ICD9	E018	1	1
ICD10	Z79	244834	10086
ICD10	I10	156439	9320
ICD10	E11	145458	4332
ICD10	I25	101131	3971
ICD10	E78	94956	7128
ICD10	I48	81606	2261
ICD10	N18	80897	2583
ICD10	I50	78042	2759
ICD10	Z95	68240	2803
ICD10	M25	66045	4970
ICD10	Z87	65552	5678
ICD10	E87	63324	2892
ICD10	Z51	62708	2597
ICD10	K21	62165	5438
ICD10	Z68	60430	6998
ICD10	M54	59910	4772
ICD10	R06	57846	6192
ICD10	J44	57517	3167
ICD10	G47	53529	4231
ICD10	G89	51709	3750
ICD10	J45	50838	4709
ICD10	Z88	50613	3778
ICD10	M79	47584	4990
ICD10	Z86	47365	3850
ICD10	F32	44735	3745
ICD10	F41	44193	3748
ICD10	R07	41199	4585
ICD10	E03	40267	2432
ICD10	R10	38240	4048
ICD10	I12	37423	2026
ICD10	C50	36663	585
ICD10	Z94	36529	490
ICD10	E66	34891	3320
ICD10	Z98	32340	4009
ICD10	C34	31789	440
ICD10	F17	30764	2561
ICD10	J96	30598	1233
ICD10	Z99	29094	1265
ICD10	M19	28568	3341
ICD10	Z85	27988	2558
ICD10	Z01	27716	4053
ICD10	N17	27147	1581
ICD10	R53	27012	4060
ICD10	Z12	26628	4269
ICD10	Z23	26501	8010
ICD10	J30	26014	2774
ICD10	D64	25777	2726
ICD10	R91	24775	3245
ICD10	Z00	24252	5652
ICD10	N39	22707	2355
ICD10	C79	22624	542
ICD10	R05	22454	4111
ICD10	Z90	21558	2333
ICD10	R11	21419	2940
ICD10	L97	19405	489
ICD10	I73	19309	1219
ICD10	E83	19130	1328
ICD10	Z91	19065	2488
ICD10	J18	18845	1951
ICD10	A41	18585	1038
ICD10	K59	18527	2223
ICD10	R00	17631	2954
ICD10	D63	17386	963
ICD10	D50	16883	1390
ICD10	R19	16783	2472
ICD10	C90	16632	152
ICD10	Z96	16246	1557
ICD10	J90	15980	1396
ICD10	J98	15394	2402
ICD10	R09	15226	2950
ICD10	I27	15201	1105
ICD10	G62	15096	1473
ICD10	I82	15094	713
ICD10	G93	14957	1067
ICD10	Z48	14885	1166
ICD10	M47	14884	2386
ICD10	Z82	14124	1703
ICD10	Z09	13918	3741
ICD10	E84	13903	126
ICD10	C78	13569	423
ICD10	I95	13517	1354
ICD10	I42	13461	886
ICD10	R60	13448	2317
ICD10	M62	13444	1412
ICD10	I49	13424	2284
ICD10	R26	13360	1140
ICD10	D69	13231	947
ICD10	C91	12813	121
ICD10	Z92	12750	1406
ICD10	R50	12611	2027
ICD10	R63	12540	1700
ICD10	F10	12421	600
ICD10	R13	12295	1224
ICD10	C92	12267	125
ICD10	R51	12174	2130
ICD10	M17	12146	1257
ICD10	R41	12004	1554
ICD10	K76	11915	1477
ICD10	E86	11797	1292
ICD10	M81	11754	1143
ICD10	L03	11528	1172
ICD10	I47	11295	920
ICD10	D62	11188	684
ICD10	E55	11039	1902
ICD10	I51	10601	2723
ICD10	M48	10550	1181
ICD10	N28	10422	1817
ICD10	Z93	10390	499
ICD10	R94	10203	2676
ICD10	R73	10168	1601
ICD10	J43	10146	1212
ICD10	M51	10088	1467
ICD10	E10	10052	359
ICD10	M10	9904	864
ICD10	I70	9831	1633
ICD10	G40	9554	540
ICD10	D46	9547	89
ICD10	I21	9446	629
ICD10	R42	9439	1840
ICD10	Z66	9331	737
ICD10	F33	9219	794
ICD10	B96	9194	919
ICD10	J32	9147	1083
ICD10	Z72	9130	1712
ICD10	M32	9111	228
ICD10	K57	9076	1454
ICD10	D57	9051	126
ICD10	R65	8955	568
ICD10	I35	8886	896
ICD10	R62	8573	521
ICD10	N40	8549	944
ICD10	F31	8525	471
ICD10	D61	8417	428
ICD10	R59	8365	1138
ICD10	K92	8343	784
ICD10	F43	8305	927
ICD10	Z89	8207	268
ICD10	I44	8199	1064
ICD10	G43	8168	1060
ICD10	M06	8162	491
ICD10	R79	8047	1658
ICD10	I87	7955	938
ICD10	T45	7920	592
ICD10	R33	7917	680
ICD10	T86	7904	263
ICD10	J06	7900	2162
ICD10	M85	7898	1583
ICD10	T82	7895	581
ICD10	C56	7886	96
ICD10	C61	7865	261
ICD10	B37	7774	1061
ICD10	Z45	7768	1594
ICD10	R55	7741	997
ICD10	R20	7705	1516
ICD10	H91	7571	952
ICD10	K74	7546	326
ICD10	I71	7499	435
ICD10	C85	7420	178
ICD10	O99	7361	198
ICD10	H40	7358	664
ICD10	Z80	7318	1026
ICD10	Z13	7196	2149
ICD10	I34	7192	1563
ICD10	J84	7174	454
ICD10	D72	7154	1168
ICD10	R29	7128	992
ICD10	M86	7107	226
ICD10	N20	7059	709
ICD10	T81	7020	507
ICD10	I45	6850	1167
ICD10	I63	6844	644
ICD10	G25	6756	784
ICD10	C18	6741	138
ICD10	D70	6643	387
ICD10	K31	6612	692
ICD10	E53	6588	755
ICD10	R31	6562	949
ICD10	L89	6554	322
ICD10	I26	6549	386
ICD10	K56	6541	432
ICD10	I77	6516	1135
ICD10	K86	6421	453
ICD10	I11	6406	823
ICD10	R30	6379	1453
ICD10	C43	6373	110
ICD10	J02	6307	1444
ICD10	N13	6280	493
ICD10	F11	6262	608
ICD10	R21	6175	1357
ICD10	D68	6166	489
ICD10	R56	6017	547
ICD10	R18	6015	517
ICD10	K80	5939	679
ICD10	D89	5927	341
ICD10	R93	5916	1784
ICD10	R92	5685	945
ICD10	I69	5640	349
ICD10	I65	5613	745
ICD10	J15	5565	296
ICD10	K50	5548	153
ICD10	J01	5543	1635
ICD10	C83	5534	113
ICD10	Z71	5524	1125
ICD10	H35	5462	559
ICD10	O09	5453	146
ICD10	I08	5344	724
ICD10	I89	5296	297
ICD10	D12	5178	776
ICD10	J40	5150	1300
ICD10	F90	5133	440
ICD10	K22	5088	580
ICD10	I13	5081	485
ICD10	L02	5017	646
ICD10	K44	4977	835
ICD10	E27	4954	358
ICD10	R74	4935	800
ICD10	K64	4913	965
ICD10	M75	4900	569
ICD10	R35	4882	1305
ICD10	B18	4865	267
ICD10	H90	4841	593
ICD10	J81	4804	669
ICD10	L40	4781	256
ICD10	H25	4700	730
ICD10	I31	4675	381
ICD10	F14	4663	240
ICD10	R45	4658	438
ICD10	F25	4622	111
ICD10	N30	4574	966
ICD10	R22	4566	990
ICD10	I83	4525	315
ICD10	E04	4521	588
ICD10	R04	4489	548
ICD10	Q25	4488	332
ICD10	K63	4481	768
ICD10	J38	4432	362
ICD10	M15	4409	693
ICD10	J69	4401	304
ICD10	K58	4372	585
ICD10	D47	4368	251
ICD10	K52	4351	783
ICD10	F20	4329	150
ICD10	C25	4319	53
ICD10	M35	4319	323
ICD10	H53	4293	843
ICD10	J95	4282	241
ICD10	I20	4255	669
ICD10	B95	4236	454
ICD10	E43	4212	296
ICD10	G56	4208	462
ICD10	A04	4154	295
ICD10	M16	4125	576
ICD10	M05	4078	197
ICD10	R52	4061	1054
ICD10	J47	4033	306
ICD10	C77	4002	307
ICD10	K29	4000	695
ICD10	Q21	3903	144
ICD10	R25	3882	775
ICD10	R68	3844	1027
ICD10	R47	3816	373
ICD10	K62	3800	686
ICD10	R16	3734	618
ICD10	R49	3683	422
ICD10	L30	3667	924
ICD10	E05	3641	333
ICD10	S72	3588	184
ICD10	K72	3574	175
ICD10	F12	3535	322
ICD10	E08	3534	409
ICD10	K43	3510	357
ICD10	M50	3502	662
ICD10	C20	3498	53
ICD10	S82	3486	176
ICD10	Z78	3455	893
ICD10	Z3A	3416	198
ICD10	F03	3387	340
ICD10	D86	3377	168
ICD10	Z11	3363	969
ICD10	R57	3337	259
ICD10	M43	3331	607
ICD10	M41	3295	507
ICD10	S22	3292	346
ICD10	G70	3279	106
ICD10	B19	3278	297
ICD10	F60	3271	185
ICD10	C67	3267	110
ICD10	C44	3242	372
ICD10	R78	3232	398
ICD10	J34	3227	712
ICD10	E46	3186	282
ICD10	N63	3126	518
ICD10	L98	3125	679
ICD10	N31	3054	150
ICD10	C64	3052	114
ICD10	Z76	3044	430
ICD10	M53	2995	367
ICD10	M89	2994	619
ICD10	G20	2990	139
ICD10	H26	2938	617
ICD10	J20	2936	816
ICD10	M21	2905	412
ICD10	K85	2904	209
ICD10	N32	2894	489
ICD10	K91	2885	188
ICD10	B97	2878	854
ICD10	R39	2877	789
ICD10	N64	2856	560
ICD10	K94	2836	188
ICD10	G80	2824	80
ICD10	B20	2808	133
ICD10	I67	2795	437
ICD10	Z46	2784	874
ICD10	E29	2771	223
ICD10	C32	2769	57
ICD10	K70	2761	114
ICD10	T14	2760	769
ICD10	N95	2758	664
ICD10	J31	2752	551
ICD10	H66	2717	524
ICD10	B34	2706	546
ICD10	C16	2705	32
ICD10	R01	2705	499
ICD10	R14	2700	755
ICD10	C81	2698	42
ICD10	C54	2685	79
ICD10	K83	2668	273
ICD10	L29	2656	614
ICD10	K65	2644	154
ICD10	C22	2621	73
ICD10	C49	2620	68
ICD10	Z17	2603	232
ICD10	I05	2584	551
ICD10	F19	2581	295
ICD10	H02	2573	308
ICD10	S42	2568	161
ICD10	N52	2567	493
ICD10	D53	2539	212
ICD10	Z21	2528	139
ICD10	L57	2518	592
ICD10	H04	2505	504
ICD10	M46	2498	379
ICD10	H52	2490	780
ICD10	H43	2483	444
ICD10	I15	2461	512
ICD10	C80	2452	337
ICD10	Z08	2447	404
ICD10	F05	2444	264
ICD10	G81	2440	143
ICD10	M12	2431	482
ICD10	K75	2430	210
ICD10	G31	2426	446
ICD10	Z83	2400	545
ICD10	F39	2399	296
ICD10	I97	2386	178
ICD10	G35	2382	100
ICD10	R80	2380	403
ICD10	T78	2368	384
ICD10	G82	2365	74
ICD10	E16	2352	291
ICD10	M31	2350	100
ICD10	Z30	2346	418
ICD10	S52	2346	118
ICD10	S32	2321	166
ICD10	G44	2319	496
ICD10	B35	2305	565
ICD10	Z47	2304	396
ICD10	E21	2300	192
ICD10	M20	2281	302
ICD10	E88	2272	250
ICD10	S06	2268	204
ICD10	N25	2259	191
ICD10	R32	2258	472
ICD10	N83	2256	295
ICD10	F51	2254	598
ICD10	M70	2234	383
ICD10	H54	2234	340
ICD10	0BH17EZ	2232	274
ICD10	G60	2220	306
ICD10	I74	2203	208
ICD10	D75	2202	229
ICD10	J42	2196	375
ICD10	T38	2187	237
ICD10	K40	2147	265
ICD10	M87	2144	124
ICD10	I24	2144	270
ICD10	M96	2134	158
ICD10	E07	2127	425
ICD10	D49	2124	443
ICD10	M77	2096	551
ICD10	T85	2094	215
ICD10	T80	2090	174
ICD10	P07	2071	28
ICD10	B02	2057	280
ICD10	W19	2054	738
ICD10	C41	2041	56
ICD10	E13	2005	414
ICD10	N81	2004	210
ICD10	Z43	2001	275
ICD10	H61	1982	569
ICD10	E89	1967	246
ICD10	E44	1966	218
ICD10	P74	1965	11
ICD10	J41	1948	356
ICD10	C71	1932	47
ICD10	M65	1932	382
ICD10	J94	1914	135
ICD10	N92	1907	352
ICD10	G95	1904	161
ICD10	J93	1896	310
ICD10	K20	1878	248
ICD10	K51	1867	135
ICD10	K25	1858	181
ICD10	S92	1853	202
ICD10	R40	1850	410
ICD10	N93	1848	276
ICD10	H92	1842	567
ICD10	G57	1835	244
ICD10	B00	1814	260
ICD10	K82	1809	418
ICD10	I07	1793	289
ICD10	L90	1782	451
ICD10	M76	1781	268
ICD10	30233N1	1768	485
ICD10	T83	1753	196
ICD10	S09	1753	459
ICD10	M72	1752	256
ICD10	C82	1743	46
ICD10	G45	1736	289
ICD10	C7A	1726	42
ICD10	R76	1723	319
ICD10	L82	1718	563
ICD10	I46	1716	147
ICD10	B25	1709	119
ICD10	K55	1703	135
ICD10	K42	1701	288
ICD10	H10	1696	502
ICD10	D80	1690	80
ICD10	N76	1686	407
ICD10	D59	1679	51
ICD10	H65	1674	413
ICD10	R27	1672	175
ICD10	C21	1643	20
ICD10	S83	1639	228
ICD10	A49	1631	384
ICD10	L50	1622	272
ICD10	J80	1622	242
ICD10	H57	1620	378
ICD10	C76	1603	125
ICD10	J04	1598	135
ICD10	T50	1593	311
ICD10	E61	1588	261
ICD10	N89	1588	407
ICD10	N94	1588	353
ICD10	C15	1583	46
ICD10	Q87	1579	43
ICD10	L73	1577	257
ICD10	Z74	1573	242
ICD10	K66	1572	235
ICD10	Z41	1561	303
ICD10	C93	1559	21
ICD10	P61	1558	13
ICD10	C09	1556	25
ICD10	T40	1554	202
ICD10	F80	1544	122
ICD10	D48	1529	448
ICD10	J39	1519	167
ICD10	I36	1510	961
ICD10	M1A	1497	217
ICD10	D51	1491	200
ICD10	D25	1489	243
ICD10	F02	1478	151
ICD10	S01	1472	192
ICD10	E23	1468	72
ICD10	G92	1456	121
ICD10	J91	1454	128
ICD10	S12	1449	69
ICD10	5A1D60Z	1439	212
ICD10	S80	1438	267
ICD10	S27	1432	36
ICD10	C10	1430	32
ICD10	H93	1430	325
ICD10	K12	1429	225
ICD10	G90	1428	144
ICD10	S62	1410	149
ICD10	Q04	1404	68
ICD10	T84	1371	117
ICD10	P92	1364	20
ICD10	P28	1353	13
ICD10	02HV33Z	1351	302
ICD10	C13	1343	12
ICD10	N50	1337	165
ICD10	K30	1324	280
ICD10	M84	1322	139
ICD10	H01	1322	201
ICD10	R97	1277	200
ICD10	C73	1270	54
ICD10	R15	1265	193
ICD10	D05	1259	89
ICD10	N60	1259	229
ICD10	F34	1255	193
ICD10	D35	1248	132
ICD10	I61	1248	88
ICD10	M08	1233	23
ICD10	C01	1230	29
ICD10	H11	1230	158
ICD10	S00	1227	252
ICD10	T87	1218	96
ICD10	O26	1215	126
ICD10	I85	1213	92
ICD10	M34	1211	43
ICD10	Z53	1200	406
ICD10	E22	1195	98
ICD10	5A1955Z	1194	165
ICD10	T17	1193	137
ICD10	D65	1173	32
ICD10	G91	1164	61
ICD10	O24	1157	39
ICD10	R82	1155	340
ICD10	5A1945Z	1147	163
ICD10	C06	1145	32
ICD10	Q22	1144	13
ICD10	S02	1143	85
ICD10	R23	1140	389
ICD10	B24BZZZ	1135	242
ICD10	Z38	1132	18
ICD10	R03	1126	356
ICD10	M24	1121	140
ICD10	S81	1111	208
ICD10	I62	1109	86
ICD10	Q24	1102	55
ICD10	Q23	1101	64
ICD10	I72	1097	143
ICD10	C02	1095	33
ICD10	C57	1092	14
ICD10	I99	1091	154
ICD10	E80	1090	142
ICD10	Z34	1089	92
ICD10	G72	1087	72
ICD10	J35	1086	160
ICD10	E28	1081	341
ICD10	N05	1077	117
ICD10	K08	1074	215
ICD10	Q61	1064	127
ICD10	Q79	1063	43
ICD10	C40	1061	12
ICD10	O34	1059	69
ICD10	M60	1054	175
ICD10	K81	1050	159
ICD10	02H633Z	1049	267
ICD10	Q20	1046	14
ICD10	C53	1043	32
ICD10	S14	1042	27
ICD10	J12	1037	90
ICD10	K02	1035	149
ICD10	A08	1023	205
ICD10	S91	1021	181
ICD10	D32	1014	64
ICD10	N12	1006	147
ICD10	Q89	1004	59
ICD10	T22	998	36
ICD10	D76	993	7
ICD10	J11	993	233
ICD10	G30	980	96
ICD10	C48	977	29
ICD10	H69	974	274
ICD10	S46	973	206
ICD10	L60	964	200
ICD10	L72	964	240
ICD10	L21	957	244
ICD10	M13	957	188
ICD10	I96	956	107
ICD10	R17	954	146
ICD10	Z36	952	105
ICD10	5A09357	949	255
ICD10	D18	943	187
ICD10	L70	940	214
ICD10	P36	940	8
ICD10	Q32	939	18
ICD10	K13	938	238
ICD10	P29	936	8
ICD10	K90	935	135
ICD10	D84	928	137
ICD10	L08	921	268
ICD10	R61	916	214
ICD10	T36	912	115
ICD10	A31	908	68
ICD10	L53	905	264
ICD10	H60	899	220
ICD10	H81	899	212
ICD10	M94	897	248
ICD10	F01	897	100
ICD10	M67	896	192
ICD10	S93	887	215
ICD10	4A023N7	883	306
ICD10	L91	872	183
ICD10	J33	866	122
ICD10	R12	861	228
ICD10	S43	860	167
ICD10	S39	854	316
ICD10	K11	852	141
ICD10	T79	844	155
ICD10	T88	844	288
ICD10	C84	840	18
ICD10	F13	835	88
ICD10	H50	835	112
ICD10	Z28	832	181
ICD10	J92	829	288
ICD10	P00	823	9
ICD10	E09	821	92
ICD10	H20	816	79
ICD10	C11	814	14
ICD10	P59	814	12
ICD10	D17	811	158
ICD10	F29	810	93
ICD10	Z59	810	133
ICD10	B2111ZZ	806	269
ICD10	N85	804	183
ICD10	T21	797	36
ICD10	M40	789	176
ICD10	Z03	789	395
ICD10	L20	788	191
ICD10	J21	780	116
ICD10	Q35	778	17
ICD10	D73	777	123
ICD10	J86	776	38
ICD10	L93	775	71
ICD10	Q31	771	46
ICD10	S99	771	218
ICD10	S69	770	210
ICD10	M71	759	185
ICD10	S61	755	161
ICD10	S30	751	171
ICD10	F84	748	66
ICD10	C94	746	30
ICD10	L81	745	269
ICD10	H55	744	20
ICD10	T31	743	65
ICD10	H18	736	104
ICD10	D83	735	27
ICD10	B07	735	185
ICD10	Z04	734	334
ICD10	R90	734	254
ICD10	M26	726	182
ICD10	Q60	725	46
ICD10	Q75	722	31
ICD10	S63	722	145
ICD10	H47	714	93
ICD10	L84	707	183
ICD10	N26	701	210
ICD10	H16	693	115
ICD10	I16	693	75
ICD10	R87	689	159
ICD10	Z39	684	149
ICD10	T42	683	73
ICD10	S90	683	163
ICD10	L27	681	81
ICD10	R44	681	121
ICD10	F09	672	104
ICD10	5A1D00Z	667	137
ICD10	L71	665	162
ICD10	H33	660	82
ICD10	Z15	655	42
ICD10	N61	654	75
ICD10	Z37	654	157
ICD10	J10	653	171
ICD10	I60	651	51
ICD10	C19	650	36
ICD10	L65	650	172
ICD10	G24	650	76
ICD10	P22	650	8
ICD10	I38	649	129
ICD10	J70	647	72
ICD10	Z49	640	80
ICD10	N99	639	77
ICD10	M00	636	43
ICD10	R64	634	82
ICD10	S60	634	126
ICD10	N19	633	194
ICD10	I80	633	103
ICD10	Q90	619	20
ICD10	S76	617	95
ICD10	G50	616	59
ICD10	Z77	616	162
ICD10	P71	612	4
ICD10	Z97	612	179
ICD10	O10	610	46
ICD10	K27	608	124
ICD10	T23	607	45
ICD10	0DJ08ZZ	606	163
ICD10	5A1221Z	606	137
ICD10	N62	603	127
ICD10	C45	600	4
ICD10	O36	598	71
ICD10	Z20	596	187
ICD10	C95	594	55
ICD10	E06	594	102
ICD10	D22	593	253
ICD10	M33	593	25
ICD10	B99	593	150
ICD10	Q39	592	40
ICD10	T20	589	30
ICD10	E85	582	22
ICD10	I86	582	121
ICD10	K26	582	68
ICD10	S20	576	138
ICD10	Z16	575	75
ICD10	J85	574	22
ICD10	S50	574	98
ICD10	S16	572	137
ICD10	I78	571	81
ICD10	I81	570	39
ICD10	N87	569	90
ICD10	K14	565	104
ICD10	H00	564	180
ICD10	M80	562	51
ICD10	P39	560	3
ICD10	G71	557	26
ICD10	03HY32Z	555	100
ICD10	H34	552	50
ICD10	G51	548	52
ICD10	N04	544	51
ICD10	S89	544	193
ICD10	C55	542	29
ICD10	S31	540	68
ICD10	A40	539	41
ICD10	G04	536	27
ICD10	Z63	536	137
ICD10	L76	535	97
ICD10	F50	535	64
ICD10	P84	535	6
ICD10	I33	533	43
ICD10	Z81	533	112
ICD10	K35	533	43
ICD10	3E0G76Z	532	141
ICD10	N43	529	70
ICD10	G61	528	27
ICD10	B2151ZZ	524	198
ICD10	0BJ08ZZ	523	99
ICD10	I37	519	199
ICD10	R77	515	243
ICD10	R69	513	202
ICD10	Q82	511	37
ICD10	M22	510	88
ICD10	M99	509	155
ICD10	M18	506	118
ICD10	N48	504	95
ICD10	B49	498	73
ICD10	Q05	495	15
ICD10	Q44	491	34
ICD10	S49	485	152
ICD10	S29	484	179
ICD10	D3A	483	37
ICD10	F42	481	66
ICD10	C72	480	12
ICD10	Z02	480	199
ICD10	M45	479	37
ICD10	D31	478	95
ICD10	F40	478	88
ICD10	P96	475	9
ICD10	I28	472	29
ICD10	T46	471	88
ICD10	G54	471	75
ICD10	Z84	471	150
ICD10	L85	470	195
ICD10	R34	466	70
ICD10	P27	462	16
ICD10	05HM33Z	456	101
ICD10	T24	455	38
ICD10	M23	454	93
ICD10	S05	454	87
ICD10	K60	453	60
ICD10	B44	452	56
ICD10	K04	451	108
ICD10	N73	450	70
ICD10	F45	450	117
ICD10	Q85	450	24
ICD10	M11	449	88
ICD10	Q27	444	53
ICD10	B543ZZA	443	102
ICD10	P77	442	4
ICD10	K61	441	37
ICD10	N10	440	89
ICD10	C88	439	14
ICD10	F98	435	116
ICD10	Q43	435	57
ICD10	5A2204Z	430	113
ICD10	W57	427	213
ICD10	C7B	424	19
ICD10	G83	424	45
ICD10	Z33	423	89
ICD10	D04	421	109
ICD10	N35	421	39
ICD10	Q30	421	11
ICD10	Q66	421	51
ICD10	E24	420	27
ICD10	J00	420	147
ICD10	D45	419	18
ICD10	C37	417	3
ICD10	F44	416	61
ICD10	C68	413	15
ICD10	L23	411	143
ICD10	Q70	411	5
ICD10	N03	410	55
ICD10	0W9930Z	408	62
ICD10	S40	404	118
ICD10	P91	402	7
ICD10	P78	399	4
ICD10	Q99	396	40
ICD10	D23	391	180
ICD10	J22	389	144
ICD10	N41	388	87
ICD10	009U3ZX	387	105
ICD10	S37	387	59
ICD10	N47	385	31
ICD10	S51	383	66
ICD10	Z31	382	68
ICD10	T39	378	52
ICD10	P83	378	4
ICD10	R58	377	130
ICD10	Q02	376	22
ICD10	D56	373	44
ICD10	E34	373	46
ICD10	M30	372	24
ICD10	F79	371	48
ICD10	F99	371	116
ICD10	Q63	370	34
ICD10	F06	368	76
ICD10	5A1935Z	366	72
ICD10	C51	364	14
ICD10	S70	364	80
ICD10	R89	363	127
ICD10	P52	361	8
ICD10	A60	361	83
ICD10	G96	358	34
ICD10	O13	355	30
ICD10	H15	354	32
ICD10	F15	353	49
ICD10	S36	352	34
ICD10	P55	351	2
ICD10	N80	350	57
ICD10	M27	349	27
ICD10	O21	346	47
ICD10	Z22	346	72
ICD10	N91	343	90
ICD10	P05	342	18
ICD10	C62	341	15
ICD10	T25	340	13
ICD10	J05	339	95
ICD10	L92	338	86
ICD10	T43	333	40
ICD10	G06	333	17
ICD10	F70	332	27
ICD10	4A133B1	330	64
ICD10	Q78	327	12
ICD10	J03	325	71
ICD10	N02	324	28
ICD10	L25	323	114
ICD10	D13	321	98
ICD10	N36	321	55
ICD10	Q33	321	17
ICD10	0W9B30Z	319	53
ICD10	Q64	318	16
ICD10	D66	316	11
ICD10	R48	316	12
ICD10	F07	312	47
ICD10	I43	311	59
ICD10	J14	311	23
ICD10	A09	305	101
ICD10	O47	304	57
ICD10	E20	303	22
ICD10	D82	302	17
ICD10	G11	302	22
ICD10	C74	301	8
ICD10	G23	300	47
ICD10	B24BZZ4	299	76
ICD10	O35	299	45
ICD10	J16	296	71
ICD10	B36	296	69
ICD10	L51	295	19
ICD10	L22	292	73
ICD10	O16	292	40
ICD10	F88	291	38
ICD10	T18	290	45
ICD10	N23	290	73
ICD10	L28	288	95
ICD10	S24	287	12
ICD10	N90	286	77
ICD10	O90	286	42
ICD10	O28	283	19
ICD10	D37	282	48
ICD10	R46	282	76
ICD10	IMO0002	281	160
ICD10	I09	280	45
ICD10	D58	279	47
ICD10	G58	277	61
ICD10	S19	277	158
ICD10	Y92	274	145
ICD10	S88	272	22
ICD10	J13	269	44
ICD10	G37	268	25
ICD10	N49	266	26
ICD10	N84	266	57
ICD10	O23	266	53
ICD10	S86	266	65
ICD10	H44	265	47
ICD10	Q54	265	16
ICD10	30233R1	264	74
ICD10	K28	262	26
ICD10	F22	261	49
ICD10	C14	260	29
ICD10	4A10X4Z	260	57
ICD10	O9A	259	24
ICD10	G63	259	55
ICD10	027034Z	258	84
ICD10	Q53	257	20
ICD10	A63	253	50
ICD10	E75	251	56
ICD10	N88	250	76
ICD10	Q76	249	40
ICD10	E76	248	2
ICD10	N82	248	18
ICD10	30233K1	247	56
ICD10	F91	247	47
ICD10	I66	247	47
ICD10	3E04305	246	71
ICD10	E30	246	22
ICD10	M95	244	50
ICD10	0B110F4	244	52
ICD10	Q65	243	26
ICD10	E79	242	41
ICD10	P23	242	2
ICD10	T63	241	82
ICD10	K68	240	13
ICD10	0W993ZZ	239	46
ICD10	0CJS8ZZ	239	60
ICD10	0DJD8ZZ	239	67
ICD10	H46	238	29
ICD10	K46	237	66
ICD10	G14	236	15
ICD10	Q67	236	46
ICD10	D55	235	15
ICD10	D24	234	52
ICD10	H49	234	26
ICD10	P70	233	3
ICD10	V89	232	130
ICD10	A81	232	3
ICD10	0DB68ZX	232	81
ICD10	O98	231	36
ICD10	H72	231	41
ICD10	S79	231	101
ICD10	02100Z9	231	58
ICD10	F95	230	14
ICD10	06BQ4ZZ	229	57
ICD10	D36	228	102
ICD10	07DR3ZX	227	55
ICD10	4A133R1	223	43
ICD10	B08	222	83
ICD10	B5181ZA	220	68
ICD10	C46	218	6
ICD10	4A023N8	218	53
ICD10	M14	218	31
ICD10	L05	217	29
ICD10	Z32	215	101
ICD10	T66	214	33
ICD10	B548ZZA	214	38
ICD10	J67	214	17
ICD10	S13	214	40
ICD10	H21	213	42
ICD10	Q69	213	3
ICD10	C60	212	3
ICD10	L01	212	71
ICD10	L88	212	9
ICD10	3E03305	212	66
ICD10	5A09457	211	70
ICD10	M92	211	20
ICD10	E56	211	57
ICD10	G36	210	4
ICD10	O70	208	47
ICD10	R43	208	46
ICD10	0T9B70Z	208	63
ICD10	S21	208	26
ICD10	T30	207	46
ICD10	0W9G3ZZ	207	42
ICD10	D44	205	17
ICD10	D33	200	24
ICD10	Q26	200	9
ICD10	C52	194	5
ICD10	C69	194	12
ICD10	D03	193	27
ICD10	F48	193	44
ICD10	Q28	193	17
ICD10	S59	192	68
ICD10	D21	191	37
ICD10	4B02XTZ	191	55
ICD10	B2131ZZ	191	62
ICD10	Q03	189	13
ICD10	4A023N6	188	44
ICD10	3E0436Z	187	51
ICD10	P54	187	2
ICD10	0W9B3ZZ	185	38
ICD10	P25	185	2
ICD10	E72	184	33
ICD10	P09	184	4
ICD10	I30	184	19
ICD10	L43	183	30
ICD10	B58	183	3
ICD10	0B958ZX	181	43
ICD10	O46	180	20
ICD10	H71	180	20
ICD10	C24	179	10
ICD10	C12	178	6
ICD10	0FT44ZZ	178	66
ICD10	05PYX3Z	178	53
ICD10	H05	177	49
ICD10	5A12012	177	40
ICD10	D14	176	19
ICD10	R71	176	59
ICD10	G00	175	9
ICD10	H70	175	23
ICD10	V87	174	99
ICD10	O14	173	28
ICD10	O76	173	44
ICD10	A59	173	31
ICD10	B246ZZ4	173	50
ICD10	C65	172	7
ICD10	0D9670Z	171	39
ICD10	C04	171	11
ICD10	D43	170	15
ICD10	S41	170	46
ICD10	K95	169	26
ICD10	3E033XZ	169	36
ICD10	P60	169	1
ICD10	G03	168	26
ICD10	J17	168	28
ICD10	B86	168	55
ICD10	Q68	167	15
ICD10	C86	166	7
ICD10	N08	166	14
ICD10	S73	166	41
ICD10	IMO0001	165	109
ICD10	N65	165	24
ICD10	O22	165	36
ICD10	C38	164	12
ICD10	N45	164	26
ICD10	Q91	164	3
ICD10	Z62	164	31
ICD10	0DH63UZ	164	50
ICD10	D16	163	25
ICD10	Q42	163	4
ICD10	C17	162	8
ICD10	L24	161	65
ICD10	T44	160	26
ICD10	C70	160	5
ICD10	G52	159	11
ICD10	Q74	158	16
ICD10	D07	157	23
ICD10	R70	157	38
ICD10	B45	157	12
ICD10	10E0XZZ	156	75
ICD10	T37	155	27
ICD10	N27	154	61
ICD10	C96	153	18
ICD10	B27	152	35
ICD10	0WUF0JZ	150	48
ICD10	Q93	150	18
ICD10	R54	150	33
ICD10	0W9G30Z	149	42
ICD10	0DN80ZZ	148	49
ICD10	N11	148	13
ICD10	O60	148	31
ICD10	J09	147	57
ICD10	C31	146	8
ICD10	Q07	145	26
ICD10	F30	144	33
ICD10	N70	143	8
ICD10	Q62	143	15
ICD10	F54	142	53
ICD10	30243N1	142	44
ICD10	3E1M39Z	141	21
ICD10	J82	141	21
ICD10	L68	140	32
ICD10	02RF38Z	140	26
ICD10	N75	139	17
ICD10	3E0336Z	139	40
ICD10	N15	138	24
ICD10	Z65	138	60
ICD10	C58	137	1
ICD10	G12	137	13
ICD10	D09	136	43
ICD10	D71	136	18
ICD10	L95	134	13
ICD10	N21	134	30
ICD10	A69	134	27
ICD10	E73	133	41
ICD10	H17	133	21
ICD10	C07	132	9
ICD10	L63	132	16
ICD10	02HK3JZ	132	39
ICD10	B2141ZZ	131	45
ICD10	D02	131	11
ICD10	G97	131	21
ICD10	021109W	130	32
ICD10	0DB64Z3	130	59
ICD10	D06	129	18
ICD10	D27	129	19
ICD10	0D20XUZ	129	33
ICD10	0F798DZ	129	18
ICD10	6A550Z3	128	13
ICD10	B30	127	46
ICD10	0DB98ZX	127	49
ICD10	0BH18EZ	126	18
ICD10	W18	125	86
ICD10	O02	125	14
ICD10	H31	125	38
ICD10	B59	125	28
ICD10	N14	124	19
ICD10	O48	124	21
ICD10	02HQ32Z	124	22
ICD10	L80	123	16
ICD10	0B9B8ZX	123	24
ICD10	I22	123	17
ICD10	B246ZZZ	123	28
ICD10	Q06	122	15
ICD10	Q51	122	11
ICD10	0W9G3ZX	121	27
ICD10	L94	121	30
ICD10	N29	120	10
ICD10	H83	120	32
ICD10	Z44	120	20
ICD10	Z55	120	36
ICD10	02K83ZZ	119	28
ICD10	T68	118	21
ICD10	P37	118	2
ICD10	C05	117	5
ICD10	0SRC0J9	117	44
ICD10	Q55	117	15
ICD10	0JH63XZ	116	39
ICD10	B24CZZZ	116	24
ICD10	Z42	116	20
ICD10	K05	116	32
ICD10	L83	115	39
ICD10	E63	115	42
ICD10	E74	115	30
ICD10	O44	115	12
ICD10	07B74ZX	114	28
ICD10	O20	114	19
ICD10	8E0W4CZ	114	49
ICD10	B241ZZ4	113	31
ICD10	30233P1	113	30
ICD10	N72	113	44
ICD10	H30	113	12
ICD10	S66	113	20
ICD10	0DH64UZ	113	31
ICD10	T74	112	34
ICD10	10D00Z1	112	49
ICD10	C30	111	8
ICD10	05HN33Z	111	24
ICD10	0D1B0Z4	111	31
ICD10	O80	110	70
ICD10	0B21XFZ	110	35
ICD10	0WQF0ZZ	110	41
ICD10	E01	109	22
ICD10	B41D1ZZ	109	28
ICD10	0JPT0XZ	109	29
ICD10	Q37	109	4
ICD10	S38	109	2
ICD10	K71	108	16
ICD10	C66	108	12
ICD10	0FC98ZZ	108	20
ICD10	O32	108	21
ICD10	O40	108	5
ICD10	B544ZZA	107	19
ICD10	N42	107	42
ICD10	Q98	107	2
ICD10	B46	106	7
ICD10	W01	105	80
ICD10	G21	105	17
ICD10	B5131ZA	105	34
ICD10	059Y3ZZ	105	23
ICD10	0WJP8ZZ	104	26
ICD10	5A02210	104	18
ICD10	F82	104	21
ICD10	O42	104	23
ICD10	L10	103	6
ICD10	L74	103	32
ICD10	O45	103	7
ICD10	B2181ZZ	103	39
ICD10	02703ZZ	103	33
ICD10	O92	102	24
ICD10	A15	102	21
ICD10	3E0R305	101	25
ICD10	0JH60XZ	100	42
ICD10	Q92	100	8
ICD10	0W9B3ZX	99	21
ICD10	E71	99	10
ICD10	F23	99	16
ICD10	Q18	99	14
ICD10	03HC33Z	99	19
ICD10	4A023FZ	98	28
ICD10	B245ZZ4	98	21
ICD10	4A133B3	98	21
ICD10	B245ZZZ	97	17
ICD10	I00	97	15
ICD10	0SRD0J9	97	36
ICD10	02H63JZ	97	31
ICD10	S25	97	5
ICD10	E41	96	27
ICD10	02583ZZ	96	29
ICD10	K06	96	23
ICD10	C26	94	11
ICD10	D15	94	5
ICD10	I88	94	29
ICD10	M97	93	7
ICD10	N34	93	30
ICD10	O11	92	14
ICD10	A48	91	12
ICD10	5A09557	90	29
ICD10	S10	90	24
ICD10	06H03DZ	89	29
ICD10	O03	89	13
ICD10	0DBB0ZZ	89	31
ICD10	S03	89	26
ICD10	D10	88	15
ICD10	0B968ZX	87	21
ICD10	0TY00Z0	87	13
ICD10	I75	87	7
ICD10	0B938ZX	86	12
ICD10	0DBN8ZX	86	33
ICD10	F72	86	12
ICD10	02RF08Z	86	20
ICD10	06HM33Z	86	17
ICD10	S53	86	17
ICD10	B91	86	9
ICD10	3E03317	85	21
ICD10	0DB80ZZ	84	23
ICD10	H80	84	4
ICD10	B48	84	11
ICD10	B85	84	20
ICD10	E65	83	15
ICD10	O62	83	29
ICD10	0WQFXZ2	83	31
ICD10	0RT30ZZ	83	12
ICD10	021009W	83	21
ICD10	D01	82	9
ICD10	N16	82	16
ICD10	F63	82	14
ICD10	8C02X6K	82	21
ICD10	E31	81	6
ICD10	O69	81	23
ICD10	Z56	81	25
ICD10	W10	80	53
ICD10	F52	80	23
ICD10	G13	80	5
ICD10	K45	79	19
ICD10	M90	79	11
ICD10	S71	79	15
ICD10	Q17	78	13
ICD10	10907ZC	77	34
ICD10	0W993ZX	77	17
ICD10	4B02XSZ	77	22
ICD10	B2101ZZ	77	24
ICD10	0BQR4ZZ	77	30
ICD10	S98	77	7
ICD10	8E0YXBZ	76	23
ICD10	5A1223Z	76	15
ICD10	D60	76	17
ICD10	F81	76	20
ICD10	Z40	75	14
ICD10	J36	75	11
ICD10	0D194ZB	75	31
ICD10	V43	74	56
ICD10	02HK3KZ	74	24
ICD10	B17	74	34
ICD10	K01	74	11
ICD10	H59	73	16
ICD10	Q34	73	16
ICD10	W55	72	24
ICD10	Z52	72	13
ICD10	R36	72	19
ICD10	0B113F4	72	13
ICD10	0DB58ZX	71	27
ICD10	B5191ZA	71	21
ICD10	0JH606Z	71	25
ICD10	A02	71	11
ICD10	C23	70	4
ICD10	B4101ZZ	70	21
ICD10	M66	70	20
ICD10	0B978ZX	70	11
ICD10	Q38	70	16
ICD10	T51	69	12
ICD10	A77	69	18
ICD10	B33	69	16
ICD10	K00	69	22
ICD10	T48	68	18
ICD10	L12	68	9
ICD10	E02	68	24
ICD10	02HA0QZ	68	10
ICD10	Q77	68	2
ICD10	S15	68	2
ICD10	T73	67	23
ICD10	0D164ZA	67	28
ICD10	L13	67	14
ICD10	B41G1ZZ	66	19
ICD10	O30	66	3
ICD10	0FY00Z0	66	10
ICD10	I40	66	7
ICD10	0WPF0JZ	65	13
ICD10	Q01	65	8
ICD10	5A15223	65	9
ICD10	L44	64	5
ICD10	0BBF8ZX	64	11
ICD10	O75	64	28
ICD10	HZ2ZZZZ	64	27
ICD10	S45	64	3
ICD10	K37	64	23
ICD10	0BQS4ZZ	63	25
ICD10	0JPT0PZ	63	18
ICD10	H74	63	29
ICD10	J61	63	9
ICD10	B39	63	11
ICD10	C33	62	3
ICD10	0RB30ZZ	62	11
ICD10	0W3P8ZZ	62	15
ICD10	02PYX3Z	62	13
ICD10	W54	62	30
ICD10	B24BYZZ	62	11
ICD10	Z18	62	17
ICD10	4A033BC	62	25
ICD10	S33	62	24
ICD10	T41	61	8
ICD10	D41	61	18
ICD10	0B9D8ZX	61	15
ICD10	Z73	61	22
ICD10	B41F1ZZ	60	19
ICD10	F64	60	11
ICD10	3E033VJ	60	27
ICD10	B518ZZA	60	19
ICD10	0DNW0ZZ	60	23
ICD10	0B988ZX	60	15
ICD10	B01	60	15
ICD10	4A0234Z	59	20
ICD10	0W9D3ZZ	59	7
ICD10	01NB0ZZ	59	16
ICD10	05H633Z	58	12
ICD10	N97	58	20
ICD10	0B948ZX	58	17
ICD10	Y09	58	30
ICD10	H51	58	14
ICD10	B3101ZZ	58	17
ICD10	0DH67UZ	57	12
ICD10	E26	57	10
ICD10	0DTJ4ZZ	57	14
ICD10	Q15	57	7
ICD10	8E09XBG	57	12
ICD10	I76	57	4
ICD10	T75	56	13
ICD10	D74	56	4
ICD10	F53	56	13
ICD10	04V03DZ	56	13
ICD10	02H63KZ	56	19
ICD10	L59	55	13
ICD10	D30	55	17
ICD10	0T778DZ	55	10
ICD10	0TB00ZX	55	8
ICD10	O41	55	15
ICD10	0DBP8ZX	55	19
ICD10	0F9430Z	55	10
ICD10	R81	55	16
ICD10	B09	55	23
ICD10	K73	54	13
ICD10	3E04317	54	14
ICD10	0DH60UZ	54	13
ICD10	009630Z	53	5
ICD10	W34	53	9
ICD10	0JH608Z	53	16
ICD10	3E0T3CZ	53	15
ICD10	A74	53	13
ICD10	M93	52	8
ICD10	06HN33Z	52	12
ICD10	0DBB8ZX	52	17
ICD10	0DHA3UZ	52	19
ICD10	009600Z	52	5
ICD10	T76	51	15
ICD10	D38	51	22
ICD10	0QS706Z	51	9
ICD10	0TB03ZX	50	14
ICD10	06H033Z	50	10
ICD10	0DHA0UZ	50	10
ICD10	O88	50	4
ICD10	0DB64ZZ	50	19
ICD10	0WPG03Z	50	3
ICD10	3E0234Z	50	25
ICD10	30233J1	49	11
ICD10	E51	49	5
ICD10	0B9J8ZX	49	12
ICD10	B10	49	3
ICD10	C03	48	5
ICD10	02UG3JZ	48	9
ICD10	30243R1	48	13
ICD10	H27	48	11
ICD10	I23	48	9
ICD10	4A1239Z	48	10
ICD10	K38	48	14
ICD10	L52	47	7
ICD10	D11	47	10
ICD10	D52	47	16
ICD10	B244ZZZ	47	13
ICD10	0D598ZZ	47	12
ICD10	0F798ZZ	47	9
ICD10	4A11X4G	47	14
ICD10	G08	47	5
ICD10	02BK3ZX	47	8
ICD10	S23	47	25
ICD10	T07	46	21
ICD10	D39	46	11
ICD10	0JB80ZZ	46	18
ICD10	R37	46	13
ICD10	B54BZZA	45	12
ICD10	L56	45	17
ICD10	4A023CZ	45	14
ICD10	D34	45	11
ICD10	O00	45	7
ICD10	0D568ZZ	45	11
ICD10	0D1B4ZB	45	17
ICD10	Q96	45	4
ICD10	I68	45	4
ICD10	A43	45	9
ICD10	0W9900Z	45	9
ICD10	02563ZZ	45	8
ICD10	T16	44	15
ICD10	Z14	44	9
ICD10	J37	44	14
ICD10	0RG10A0	44	4
ICD10	B2051ZZ	43	19
ICD10	027134Z	43	19
ICD10	W06	43	28
ICD10	F94	43	3
ICD10	02573ZZ	43	6
ICD10	I06	43	15
ICD10	0SR90JZ	43	13
ICD10	0SB20ZZ	43	10
ICD10	S96	43	10
ICD10	C4A	42	5
ICD10	T62	42	12
ICD10	0FB03ZX	42	18
ICD10	0FHB8DZ	42	8
ICD10	W22	42	38
ICD10	P81	42	1
ICD10	Q10	42	8
ICD10	Z64	42	4
ICD10	0F9C8ZZ	41	9
ICD10	0JBR0ZZ	41	10
ICD10	0WUF4JZ	41	19
ICD10	B54MZZA	41	15
ICD10	0DTF0ZZ	41	10
ICD10	H36	41	14
ICD10	J68	41	12
ICD10	0T768DZ	41	12
ICD10	S67	41	10
ICD10	0TY10Z0	41	8
ICD10	0DQ98ZZ	41	9
ICD10	02VW3DZ	40	7
ICD10	C75	40	3
ICD10	0DNW4ZZ	40	22
ICD10	0DNE0ZZ	40	11
ICD10	O72	40	11
ICD10	30243K1	40	9
ICD10	G99	40	19
ICD10	0TP98DZ	40	9
ICD10	0FT40ZZ	40	12
ICD10	3E0G8GC	40	8
ICD10	0DV44ZZ	40	16
ICD10	03HB33Z	39	7
ICD10	C39	39	4
ICD10	4A1HXCZ	39	15
ICD10	0BBG4ZX	39	10
ICD10	M36	39	2
ICD10	04CL0ZZ	39	13
ICD10	E54	39	2
ICD10	N44	39	17
ICD10	B211YZZ	39	12
ICD10	A07	39	2
ICD10	04HY32Z	39	5
ICD10	0T9030Z	39	8
ICD10	F68	38	8
ICD10	4A1034G	38	9
ICD10	0DBE8ZX	38	17
ICD10	0DT80ZZ	38	7
ICD10	0Y6Q0Z0	38	11
ICD10	BT1F1ZZ	38	8
ICD10	0WQ80ZZ	38	7
ICD10	0W9B40Z	38	9
ICD10	0DBL8ZX	38	17
ICD10	05HB33Z	38	16
ICD10	0RRJ00Z	38	11
ICD10	T49	37	8
ICD10	3E0G36Z	37	8
ICD10	0W9B00Z	37	7
ICD10	Q16	37	9
ICD10	4A0335C	37	13
ICD10	02HL3KZ	37	11
ICD10	Z60	37	15
ICD10	02RW0JZ	37	8
ICD10	T65	36	14
ICD10	009U3ZZ	36	11
ICD10	D67	36	2
ICD10	07B74ZZ	36	9
ICD10	0DNS0ZZ	36	14
ICD10	0QBP0ZZ	36	14
ICD10	B513ZZA	36	12
ICD10	F71	36	8
ICD10	02RG08Z	36	9
ICD10	0T25X0Z	36	12
ICD10	I32	36	4
ICD10	0RG20A0	35	10
ICD10	0HBHXZZ	35	12
ICD10	6A551Z2	35	5
ICD10	0DBK8ZX	35	17
ICD10	0WJG0ZZ	35	7
ICD10	E50	35	8
ICD10	B5161ZA	35	7
ICD10	O77	35	18
ICD10	0DN84ZZ	35	13
ICD10	Q11	35	5
ICD10	0QS604Z	35	4
ICD10	Q80	35	11
ICD10	Z19	35	5
ICD10	B88	35	12
ICD10	B2161ZZ	35	10
ICD10	30233S1	34	13
ICD10	06BQ0ZZ	34	9
ICD10	0KQM0ZZ	34	20
ICD10	0W9F30Z	34	10
ICD10	0Y6N0Z9	34	11
ICD10	0D160ZA	34	8
ICD10	B16	34	18
ICD10	K03	34	9
ICD10	4A1134G	33	3
ICD10	0WCG0ZZ	33	3
ICD10	0FPB8DZ	33	6
ICD10	O12	33	9
ICD10	O43	33	11
ICD10	G73	33	5
ICD10	B41B1ZZ	33	11
ICD10	027F3ZZ	33	8
ICD10	0JBQ0ZZ	33	9
ICD10	027V3ZZ	33	3
ICD10	0DTJ0ZZ	33	11
ICD10	S64	33	9
ICD10	T19	32	21
ICD10	L04	32	10
ICD10	L67	32	8
ICD10	0KB90ZZ	32	1
ICD10	03CK0ZZ	32	11
ICD10	0W9940Z	32	8
ICD10	0F9030Z	32	3
ICD10	G46	32	11
ICD10	0T788DZ	32	9
ICD10	0Y973ZZ	32	1
ICD10	8E09XBZ	32	8
ICD10	B5181ZZ	32	8
ICD10	0BTG4ZZ	31	7
ICD10	0QSH04Z	31	4
ICD10	T47	31	8
ICD10	0B998ZX	31	10
ICD10	0BBJ4ZX	31	8
ICD10	4A0HXCZ	31	20
ICD10	07T10ZZ	31	9
ICD10	0B9B8ZZ	31	3
ICD10	0DTN0ZZ	31	9
ICD10	I41	31	2
ICD10	0DTP0ZZ	31	13
ICD10	A87	31	5
ICD10	0S9D3ZX	31	11
ICD10	B2011ZZ	31	13
ICD10	0BBC3ZX	31	7
ICD10	0T9330Z	31	9
ICD10	S34	31	12
ICD10	00HU33Z	31	8
ICD10	0BYM0Z0	30	5
ICD10	05HY33Z	30	12
ICD10	0UT90ZZ	30	14
ICD10	M88	30	3
ICD10	E59	30	2
ICD10	02PA0QZ	30	5
ICD10	B51W1ZA	30	13
ICD10	B31S1ZZ	30	8
ICD10	4A1034Z	30	8
ICD10	0UTC0ZZ	30	14
ICD10	H73	30	11
ICD10	Y93	30	26
ICD10	0DQB0ZZ	30	12
ICD10	0BBC4ZX	30	6
ICD10	0D2DXUZ	30	6
ICD10	B030ZZZ	30	7
ICD10	07T20ZZ	30	10
ICD10	0W9D0ZZ	30	4
ICD10	04CK0ZZ	30	9
ICD10	B31T1ZZ	30	6
ICD10	02UJ0JZ	30	5
ICD10	0UT70ZZ	30	15
ICD10	T67	29	11
ICD10	L64	29	9
ICD10	0TT14ZZ	29	13
ICD10	B513YZA	29	7
ICD10	02RF0JZ	29	8
ICD10	06L34CZ	29	7
ICD10	B214YZZ	29	14
ICD10	02C03ZZ	29	8
ICD10	F73	29	5
ICD10	P90	29	2
ICD10	0H97XZZ	29	11
ICD10	Q45	29	9
ICD10	BW111ZZ	29	6
ICD10	0RG10K0	29	3
ICD10	02PA3MZ	29	7
ICD10	0JPT3XZ	28	6
ICD10	02BW0ZZ	28	5
ICD10	021209W	28	8
ICD10	05H533Z	28	7
ICD10	M02	28	6
ICD10	0DH68UZ	28	6
ICD10	0BUS4JZ	28	10
ICD10	Y99	28	10
ICD10	0QS606Z	28	6
ICD10	0BB48ZX	28	5
ICD10	A68	28	8
ICD10	0W9D00Z	28	5
ICD10	0DQ60ZZ	27	3
ICD10	047Q3ZZ	27	10
ICD10	0B968ZZ	27	3
ICD10	0DNB0ZZ	27	10
ICD10	F55	27	9
ICD10	0WQF4ZZ	27	8
ICD10	BT1D1ZZ	27	7
ICD10	0QBN0ZZ	27	9
ICD10	0B9N30Z	27	3
ICD10	0CTPXZZ	27	12
ICD10	079T3ZZ	27	4
ICD10	0D1N0Z4	27	5
ICD10	0JPTXXZ	27	7
ICD10	0WJG4ZZ	27	11
ICD10	3E1F78X	27	4
ICD10	02PY33Z	27	10
ICD10	B47	27	3
ICD10	0W9D30Z	26	5
ICD10	0DQ80ZZ	26	7
ICD10	0S9C3ZX	26	6
ICD10	0QS734Z	26	4
ICD10	02703DZ	26	11
ICD10	P08	26	6
ICD10	Y04	26	22
ICD10	Q81	26	1
ICD10	0T760DZ	26	4
ICD10	3E1F88X	26	5
ICD10	A18	26	8
ICD10	A53	26	7
ICD10	04VA3DZ	26	6
ICD10	2W62X0Z	26	2
ICD10	B15	26	4
ICD10	C08	25	5
ICD10	T59	25	7
ICD10	0RG2071	25	7
ICD10	0DBA0ZZ	25	9
ICD10	L58	25	8
ICD10	30233N0	25	5
ICD10	4A03XR1	25	7
ICD10	E60	25	7
ICD10	03VG0CZ	25	3
ICD10	0QS904Z	25	2
ICD10	0QS736Z	25	4
ICD10	B24CZZ4	25	6
ICD10	0HBJXZZ	25	9
ICD10	0BBJ8ZX	25	5
ICD10	0BBF4ZZ	25	6
ICD10	0B9C8ZX	25	6
ICD10	0RG1071	25	2
ICD10	03UK0KZ	24	8
ICD10	T56	24	7
ICD10	4A0D7LZ	24	10
ICD10	L55	24	9
ICD10	09BM4ZZ	24	5
ICD10	0BBG4ZZ	24	6
ICD10	0WP9X0Z	24	6
ICD10	05H933Z	24	13
ICD10	0T9430Z	24	6
ICD10	E64	24	10
ICD10	B5191ZZ	24	5
ICD10	BF101ZZ	24	5
ICD10	0BTF4ZZ	24	6
ICD10	0B9G8ZX	24	6
ICD10	W17	24	18
ICD10	F28	24	3
ICD10	0DBH8ZX	24	13
ICD10	01N50ZZ	24	2
ICD10	0JH609Z	24	10
ICD10	0JBN0ZZ	24	6
ICD10	B31P1ZZ	24	5
ICD10	0BB68ZX	24	4
ICD10	P24	24	10
ICD10	B4141ZZ	24	7
ICD10	0SG0071	24	8
ICD10	0DP64CZ	24	10
ICD10	0BBN4ZX	24	6
ICD10	0BBC4ZZ	24	5
ICD10	0UT20ZZ	24	12
ICD10	0BJ18ZZ	24	10
ICD10	0PB30ZZ	24	3
ICD10	0QP605Z	24	1
ICD10	0W9D0ZX	24	4
ICD10	J62	24	3
ICD10	S11	24	4
ICD10	05PY33Z	23	7
ICD10	0KBW0ZZ	23	4
ICD10	L11	23	7
ICD10	0DBL0ZZ	23	4
ICD10	0DB60ZZ	23	8
ICD10	0B110Z4	23	3
ICD10	D00	23	7
ICD10	B5141ZA	23	9
ICD10	07T74ZZ	23	6
ICD10	M07	23	3
ICD10	0BBD3ZX	23	3
ICD10	V49	23	15
ICD10	0TCB8ZZ	23	4
ICD10	F16	23	6
ICD10	0F7D8DZ	23	5
ICD10	B51W1ZZ	23	8
ICD10	G94	23	2
ICD10	0W9G00Z	23	3
ICD10	BT141ZZ	23	6
ICD10	Q36	23	4
ICD10	0D9W30Z	23	6
ICD10	I01	23	10
ICD10	07B70ZX	23	5
ICD10	A56	23	6
ICD10	0DNS4ZZ	23	12
ICD10	0Y6P0Z0	23	6
ICD10	0B9F8ZX	23	8
ICD10	0SG1071	22	6
ICD10	L54	22	1
ICD10	0D1M0Z4	22	7
ICD10	02L73DK	22	6
ICD10	E70	22	5
ICD10	E77	22	4
ICD10	0F903ZX	22	5
ICD10	N71	22	9
ICD10	F69	22	12
ICD10	B518YZA	22	6
ICD10	O71	22	11
ICD10	O82	22	19
ICD10	02LR0ZT	22	3
ICD10	0T9B30Z	22	7
ICD10	G98	22	7
ICD10	0Y6N0ZF	22	8
ICD10	02RG0JZ	22	5
ICD10	H62	22	8
ICD10	0BC38ZZ	22	4
ICD10	0KBC0ZZ	22	1
ICD10	A05	22	7
ICD10	R99	22	7
ICD10	0HQ1XZZ	22	6
ICD10	S58	22	1
ICD10	0BTC0ZZ	22	3
ICD10	0KNC0ZZ	22	1
ICD10	0DB38ZX	21	9
ICD10	06BP4ZZ	21	6
ICD10	0QBR0ZZ	21	7
ICD10	0UL70ZZ	21	12
ICD10	L42	21	10
ICD10	02PAX3Z	21	7
ICD10	0PR307Z	21	1
ICD10	B2121ZZ	21	10
ICD10	0D758ZZ	21	9
ICD10	N00	21	6
ICD10	0JBP0ZZ	21	5
ICD10	0DBS0ZZ	21	6
ICD10	0RSJXZZ	21	2
ICD10	0TB13ZX	21	9
ICD10	09TU4ZZ	21	6
ICD10	0211093	21	5
ICD10	0FHD8DZ	21	3
ICD10	0BBJ0ZZ	21	2
ICD10	A64	21	8
ICD10	0QSGXZZ	21	2
ICD10	0F758ZZ	21	2
ICD10	0JB90ZZ	21	6
ICD10	S35	21	4
ICD10	S56	21	7
ICD10	K41	20	5
ICD10	8C01X6J	20	2
ICD10	6A551Z3	20	6
ICD10	L66	20	6
ICD10	06H033T	20	4
ICD10	N01	20	3
ICD10	02PYXDZ	20	5
ICD10	0UT74ZZ	20	9
ICD10	G55	20	1
ICD10	0DBM8ZX	20	9
ICD10	0WQ60ZZ	20	1
ICD10	0QH60BZ	20	1
ICD10	0Y6N0ZD	20	7
ICD10	0F758DZ	20	3
ICD10	09JY4ZZ	20	8
ICD10	0JBL0ZZ	20	4
ICD10	0BBJ0ZX	20	3
ICD10	A42	20	5
ICD10	A54	20	9
ICD10	6A600ZZ	20	3
ICD10	CF15YZZ	20	1
ICD10	0SRB0JZ	19	6
ICD10	0DTG0ZZ	19	6
ICD10	30233Y0	19	10
ICD10	0KBL0ZZ	19	2
ICD10	B51M1ZA	19	5
ICD10	3C1ZX8Z	19	7
ICD10	5A0945Z	19	2
ICD10	0YHB33Z	19	2
ICD10	0BDN4ZZ	19	5
ICD10	0CJY8ZZ	19	7
ICD10	3E0H8GC	19	7
ICD10	W11	19	17
ICD10	W88	19	11
ICD10	0S9C3ZZ	19	7
ICD10	0HQ5XZZ	19	5
ICD10	O86	19	10
ICD10	B240ZZ3	19	6
ICD10	30243S1	19	7
ICD10	0Y6N0ZC	19	7
ICD10	0FPD8DZ	19	4
ICD10	03180ZD	19	7
ICD10	07TP0ZZ	19	4
ICD10	3E05317	19	7
ICD10	00910	19	6
ICD10	0BUR4JZ	19	6
ICD10	0T9B80Z	19	4
ICD10	B87	19	1
ICD10	05HF33Z	18	9
ICD10	0WB63ZZ	18	1
ICD10	02QW0ZZ	18	3
ICD10	30233M1	18	5
ICD10	4A143B0	18	3
ICD10	3E043XZ	18	3
ICD10	0Y6J0Z3	18	6
ICD10	3E0134Z	18	5
ICD10	02YA0Z0	18	3
ICD10	0T9130Z	18	7
ICD10	05HA33Z	18	6
ICD10	0KN90ZZ	18	1
ICD10	02713ZZ	18	6
ICD10	047K3ZZ	18	7
ICD10	30243Y1	18	14
ICD10	6A550Z0	18	5
ICD10	0Y6D0Z3	18	7
ICD10	0DJW4ZZ	18	7
ICD10	3E0330M	18	8
ICD10	O66	18	10
ICD10	O73	18	6
ICD10	02HP32Z	18	4
ICD10	3E0L3GC	18	5
ICD10	0DBP0ZZ	18	6
ICD10	06BP0ZZ	18	8
ICD10	09BW4ZZ	18	6
ICD10	0CB7XZZ	18	5
ICD10	0KBS0ZZ	18	4
ICD10	0Y6N0ZB	18	5
ICD10	0DTH0ZZ	18	4
ICD10	0JDM0ZZ	18	1
ICD10	Q40	18	5
ICD10	0QB20ZZ	18	5
ICD10	05PY03Z	18	4
ICD10	0DTE0ZZ	18	5
ICD10	0VT04ZZ	18	9
ICD10	0QS704Z	18	5
ICD10	0DQ68ZZ	18	5
ICD10	0W9J30Z	18	5
ICD10	0FB00ZX	18	3
ICD10	0DHA4UZ	18	5
ICD10	0Y6R0Z0	17	4
ICD10	0BCN4ZZ	17	2
ICD10	0W2BX0Z	17	1
ICD10	0RG20K0	17	3
ICD10	0SRB0JA	17	4
ICD10	067D3ZZ	17	1
ICD10	30233L1	17	6
ICD10	05HC33Z	17	9
ICD10	09BX4ZZ	17	6
ICD10	0NR00JZ	17	4
ICD10	N46	17	4
ICD10	W03	17	2
ICD10	0HB5XZX	17	3
ICD10	3E0T3BZ	17	5
ICD10	02RF38H	17	3
ICD10	05H333Z	17	4
ICD10	0DBE0ZZ	17	7
ICD10	067N3ZZ	17	1
ICD10	0B978ZZ	17	3
ICD10	0TT10ZZ	17	6
ICD10	Q71	17	4
ICD10	B54NZZA	17	9
ICD10	B54CZZA	17	4
ICD10	0KBK0ZZ	17	2
ICD10	0PB00ZZ	17	4
ICD10	0QSB04Z	17	3
ICD10	4A10X4G	17	7
ICD10	0CTS0ZZ	17	5
ICD10	0QB30ZZ	17	5
ICD10	BB13ZZZ	17	1
ICD10	B42	17	1
ICD10	0KBT0ZZ	17	3
ICD10	S68	17	7
ICD10	009U30Z	17	2
ICD10	0SRR0J9	17	5
ICD10	T54	16	2
ICD10	B5171ZA	16	4
ICD10	0CDXXZ0	16	5
ICD10	B201YZZ	16	4
ICD10	0HB7XZZ	16	7
ICD10	0UT24ZZ	16	7
ICD10	0DBN0ZZ	16	8
ICD10	0GTH0ZZ	16	4
ICD10	02BN0ZX	16	3
ICD10	07B13ZX	16	3
ICD10	0BQ10ZZ	16	2
ICD10	0FB10ZX	16	3
ICD10	099500Z	16	6
ICD10	0HBNXZZ	16	5
ICD10	W05	16	11
ICD10	W28	16	4
ICD10	F18	16	3
ICD10	0BBP4ZX	16	3
ICD10	O91	16	3
ICD10	03CL0ZZ	16	5
ICD10	2Y41X5Z	16	7
ICD10	G59	16	4
ICD10	10D00Z0	16	7
ICD10	0FB13ZX	16	3
ICD10	3E033PZ	16	5
ICD10	B4171ZZ	16	6
ICD10	B51VZZA	16	3
ICD10	H67	16	6
ICD10	Y83	16	9
ICD10	0QS304Z	16	1
ICD10	0LQ24ZZ	16	3
ICD10	2W6PXZZ	16	1
ICD10	0DTK0ZZ	16	3
ICD10	00B00ZZ	16	8
ICD10	A50	16	3
ICD10	0S9D3ZZ	16	6
ICD10	0QS104Z	16	1
ICD10	03CG3ZZ	16	2
ICD10	0HQ9XZZ	16	8
ICD10	B80	16	6
ICD10	K87	15	7
ICD10	T15	15	6
ICD10	0SG10AJ	15	3
ICD10	L49	15	2
ICD10	0DNV0ZZ	15	4
ICD10	D28	15	7
ICD10	0JH632Z	15	2
ICD10	D81	15	4
ICD10	047L3ZZ	15	6
ICD10	0TJB8ZZ	15	7
ICD10	025K3ZZ	15	4
ICD10	0CTQXZZ	15	8
ICD10	0SRS0J9	15	2
ICD10	0B918ZX	15	2
ICD10	F89	15	6
ICD10	00NW0ZZ	15	7
ICD10	O15	15	6
ICD10	0JPT0WZ	15	6
ICD10	0QSHXZZ	15	2
ICD10	0JH602Z	15	3
ICD10	0JH604Z	15	6
ICD10	0QP004Z	15	3
ICD10	05H433Z	15	4
ICD10	095K4ZZ	15	4
ICD10	BB4BZZZ	15	4
ICD10	6A4Z0ZZ	15	2
ICD10	0PB10ZZ	15	2
ICD10	Q13	15	5
ICD10	04VC3DZ	15	4
ICD10	0DBM0ZZ	15	5
ICD10	4A033R1	15	5
ICD10	02100A9	15	3
ICD10	047L3DZ	15	5
ICD10	0Y6H0Z1	15	7
ICD10	02HN0JZ	15	3
ICD10	0QB00ZZ	15	5
ICD10	T61	14	1
ICD10	0QB23ZZ	14	3
ICD10	0UTC4ZZ	14	6
ICD10	01N10ZZ	14	3
ICD10	0CDXXZ1	14	5
ICD10	0FCD8ZZ	14	3
ICD10	09TV4ZZ	14	5
ICD10	0HBMXZZ	14	4
ICD10	01924	14	2
ICD10	03PY0JZ	14	2
ICD10	0SP909Z	14	3
ICD10	B31R1ZZ	14	2
ICD10	0W2GX0Z	14	2
ICD10	0FBG0ZZ	14	4
ICD10	W07	14	9
ICD10	W20	14	11
ICD10	0DBH0ZZ	14	3
ICD10	W50	14	9
ICD10	B51CYZA	14	3
ICD10	0QS806Z	14	2
ICD10	O85	14	3
ICD10	047C3ZZ	14	4
ICD10	04753DZ	14	2
ICD10	4A02XM4	14	3
ICD10	0WQNXZZ	14	6
ICD10	G64	14	5
ICD10	30243L1	14	2
ICD10	BD12ZZZ	14	3
ICD10	0PSJ04Z	14	3
ICD10	06HN03Z	14	1
ICD10	0Y6Y0Z1	14	3
ICD10	01N80ZZ	14	3
ICD10	0D1L0Z4	14	4
ICD10	B41DZZZ	14	2
ICD10	03Q70ZZ	14	2
ICD10	02HL0JZ	14	2
ICD10	0UT94ZZ	14	6
ICD10	Q12	14	3
ICD10	0DBB0ZX	14	3
ICD10	B51C1ZZ	14	1
ICD10	0BNL4ZZ	14	3
ICD10	0DBG0ZZ	14	2
ICD10	02HA3RZ	14	1
ICD10	A38	14	6
ICD10	R85	14	9
ICD10	R88	14	6
ICD10	0DB18ZX	14	6
ICD10	09BV4ZZ	14	4
ICD10	0BCD8ZZ	14	2
ICD10	S54	14	4
ICD10	027H3ZZ	14	1
ICD10	0TQB0ZZ	14	3
ICD10	0SR902A	14	4
ICD10	B41C1ZZ	13	3
ICD10	B3161ZZ	13	3
ICD10	02L70ZK	13	3
ICD10	T26	13	6
ICD10	0JD80ZZ	13	3
ICD10	B24BZZ3	13	3
ICD10	B440ZZ3	13	3
ICD10	0RRK00Z	13	4
ICD10	0DBP4ZZ	13	8
ICD10	3E04302	13	2
ICD10	0RG7071	13	3
ICD10	0KX30Z2	13	2
ICD10	0JH636Z	13	5
ICD10	0DB44ZZ	13	3
ICD10	0DBF0ZZ	13	2
ICD10	B2001ZZ	13	4
ICD10	0B5N4ZZ	13	2
ICD10	0DNA4ZZ	13	2
ICD10	02170ZQ	13	1
ICD10	0DJD4ZZ	13	4
ICD10	N53	13	5
ICD10	07B73ZX	13	2
ICD10	F93	13	5
ICD10	0JD60ZZ	13	2
ICD10	BD47ZZZ	13	3
ICD10	O74	13	1
ICD10	BT1FYZZ	13	4
ICD10	0W9F3ZZ	13	5
ICD10	07T70ZZ	13	3
ICD10	0WUF0KZ	13	4
ICD10	0WHG03Z	13	2
ICD10	0ST20ZZ	13	4
ICD10	0BW10FZ	13	3
ICD10	02HL3JZ	13	5
ICD10	0SR90JA	13	4
ICD10	0HBJXZX	13	5
ICD10	02UG0JZ	13	4
ICD10	0WJC0ZZ	13	2
ICD10	A52	13	6
ICD10	A80	13	5
ICD10	A83	13	4
ICD10	0B21XEZ	13	2
ICD10	00160J6	13	4
ICD10	0DB68ZZ	13	4
ICD10	04WY3DZ	13	1
ICD10	B94	13	5
ICD10	047K34Z	12	3
ICD10	0BDP4ZZ	12	3
ICD10	0WJP0ZZ	12	1
ICD10	T71	12	2
ICD10	0SRR01A	12	2
ICD10	00NX0ZZ	12	3
ICD10	0DQ44ZZ	12	1
ICD10	00H00MZ	12	2
ICD10	01844	12	5
ICD10	0BC78ZZ	12	2
ICD10	0BCB8ZZ	12	2
ICD10	0BJK4ZZ	12	2
ICD10	0F9G40Z	12	1
ICD10	B31D1ZZ	12	2
ICD10	M83	12	3
ICD10	07TD0ZZ	12	4
ICD10	0PB40ZZ	12	3
ICD10	09BU4ZZ	12	3
ICD10	02QF0ZZ	12	2
ICD10	0HBCXZX	12	4
ICD10	09BR4ZZ	12	4
ICD10	0B9G8ZZ	12	1
ICD10	0SP90JZ	12	4
ICD10	0HR4X74	12	4
ICD10	30243Y0	12	8
ICD10	0BTJ0ZZ	12	3
ICD10	0D5A8ZZ	12	4
ICD10	02584ZZ	12	1
ICD10	0HB6XZX	12	6
ICD10	0JH607Z	12	4
ICD10	03VG3DZ	12	3
ICD10	0DB64ZX	12	1
ICD10	0H9BXZZ	12	2
ICD10	H68	12	6
ICD10	Q72	12	1
ICD10	027Q3ZZ	12	3
ICD10	02Q50ZZ	12	3
ICD10	09BQ4ZZ	12	3
ICD10	Z29	12	7
ICD10	0DN60ZZ	12	4
ICD10	Z70	12	6
ICD10	Z75	12	5
ICD10	07DR3ZZ	12	5
ICD10	0QS404Z	12	1
ICD10	B01BZZZ	12	4
ICD10	A19	12	1
ICD10	A92	12	4
ICD10	B3181ZZ	12	2
ICD10	0T9B7ZZ	12	4
ICD10	04HY33Z	12	2
ICD10	0DBN4ZZ	12	7
ICD10	GZB0ZZZ	12	1
ICD10	0DS64ZZ	12	1
ICD10	J60	12	2
ICD10	0QSG04Z	12	2
ICD10	03HY33Z	12	3
ICD10	0KBF0ZZ	12	3
ICD10	0QBQ0ZZ	12	1
ICD10	3E0G8TZ	12	2
ICD10	S84	12	3
ICD10	02580ZZ	12	3
ICD10	02BM0ZZ	12	4
ICD10	0SR904A	12	4
ICD10	0Y6R0Z3	11	2
ICD10	04CJ0ZZ	11	3
ICD10	047534Z	11	3
ICD10	0B938ZZ	11	3
ICD10	0RG2070	11	3
ICD10	L00	11	1
ICD10	L26	11	3
ICD10	0B9L0ZZ	11	1
ICD10	0D9N3ZX	11	1
ICD10	3E1K88Z	11	4
ICD10	0JB70ZZ	11	4
ICD10	0Y6U0Z0	11	3
ICD10	D29	11	8
ICD10	027R3DZ	11	1
ICD10	0T2BX0Z	11	6
ICD10	0H98XZZ	11	3
ICD10	0SRB04Z	11	1
ICD10	09QX4ZZ	11	2
ICD10	0LS30ZZ	11	3
ICD10	05HD33Z	11	4
ICD10	09CW4ZZ	11	2
ICD10	047S3ZZ	11	5
ICD10	0KBJ0ZZ	11	2
ICD10	F08Z2ZZ	11	11
ICD10	00W63JZ	11	1
ICD10	B31G1ZZ	11	2
ICD10	0HQ0XZZ	11	2
ICD10	0BQR0ZZ	11	2
ICD10	2W23X4Z	11	1
ICD10	0JH806Z	11	2
ICD10	06HV33Z	11	1
ICD10	0LQ40ZZ	11	2
ICD10	F07M1ZZ	11	10
ICD10	0CT90ZZ	11	2
ICD10	0H96XZZ	11	5
ICD10	047Y3ZZ	11	4
ICD10	0JQ80ZZ	11	3
ICD10	0DQE0ZZ	11	4
ICD10	X83	11	4
ICD10	09BL4ZZ	11	4
ICD10	07TC4ZZ	11	5
ICD10	00C00ZZ	11	1
ICD10	P94	11	3
ICD10	0HR5X74	11	2
ICD10	07BC4ZX	11	5
ICD10	0D718ZZ	11	2
ICD10	0HDMXZZ	11	5
ICD10	0QU03JZ	11	3
ICD10	Y65	11	7
ICD10	3E1M38Z	11	4
ICD10	099600Z	11	5
ICD10	0SG00A1	11	4
ICD10	0SG00AJ	11	4
ICD10	BT111ZZ	11	2
ICD10	Q84	11	5
ICD10	0BCL0ZZ	11	1
ICD10	0DJ68ZZ	11	3
ICD10	0HDNXZZ	11	4
ICD10	5A1213Z	11	2
ICD10	0WBF0ZZ	11	5
ICD10	07B70ZZ	11	3
ICD10	0B710DZ	11	1
ICD10	4A1104G	11	2
ICD10	0SG30AJ	11	3
ICD10	3E0S305	11	4
ICD10	0210099	11	3
ICD10	04VD3DZ	11	3
ICD10	0QS03ZZ	11	3
ICD10	0DCW0ZZ	11	1
ICD10	0PP404Z	11	3
ICD10	03UL0KZ	11	3
ICD10	047L34Z	11	4
ICD10	0DB90ZZ	11	4
ICD10	B203YZZ	11	3
ICD10	09CX4ZZ	11	2
ICD10	0BTJ4ZZ	11	3
ICD10	0T5C8ZZ	11	2
ICD10	0SR904Z	11	3
ICD10	BD12YZZ	11	3
ICD10	0TT20ZZ	11	2
ICD10	0CQM0ZZ	11	1
ICD10	0J963ZX	10	1
ICD10	8E0W0CZ	10	4
ICD10	0PS004Z	10	2
ICD10	0UDB7ZX	10	7
ICD10	0WHG33Z	10	1
ICD10	0SG10A1	10	3
ICD10	04CK3ZZ	10	5
ICD10	0QBG0ZZ	10	3
ICD10	30233Y1	10	8
ICD10	07B20ZX	10	3
ICD10	BW40ZZZ	10	2
ICD10	0DBW0ZX	10	4
ICD10	01810	10	4
ICD10	03LP3BZ	10	1
ICD10	D26	10	3
ICD10	0B9P3ZZ	10	3
ICD10	0Y6M0Z9	10	5
ICD10	5A0955Z	10	3
ICD10	C2261ZZ	10	2
ICD10	0BBC0ZX	10	1
ICD10	2W6NX0Z	10	1
ICD10	0DBK8ZZ	10	4
ICD10	0PSD04Z	10	3
ICD10	V09	10	4
ICD10	0B110D6	10	3
ICD10	0KBG0ZZ	10	3
ICD10	05753DZ	10	2
ICD10	0YU50JZ	10	2
ICD10	B31J1ZZ	10	5
ICD10	0F903ZZ	10	2
ICD10	02BN0ZZ	10	3
ICD10	N07	10	6
ICD10	10H07YZ	10	5
ICD10	0B9N4ZZ	10	1
ICD10	3E0H76Z	10	4
ICD10	0FB98ZX	10	2
ICD10	0QSG35Z	10	1
ICD10	04V23DZ	10	2
ICD10	00H032Z	10	1
ICD10	00C60ZZ	10	1
ICD10	W46	10	4
ICD10	0BBJ3ZX	10	3
ICD10	B4191ZZ	10	1
ICD10	0NB00ZZ	10	3
ICD10	BB17YZZ	10	2
ICD10	0DBV0ZZ	10	2
ICD10	02PA33Z	10	3
ICD10	0SUA09Z	10	2
ICD10	G53	10	2
ICD10	X78	10	2
ICD10	3E10X8Z	10	3
ICD10	0NS60ZZ	10	1
ICD10	0WJP4ZZ	10	3
ICD10	0BBD0ZZ	10	1
ICD10	BB1DZZZ	10	2
ICD10	009400Z	10	1
ICD10	0DQA4ZZ	10	3
ICD10	03180ZF	10	3
ICD10	H32	10	5
ICD10	0QS434Z	10	1
ICD10	0NP004Z	10	3
ICD10	00N00ZZ	10	1
ICD10	0UT50ZZ	10	5
ICD10	0W360ZZ	10	2
ICD10	0NBV0ZZ	10	3
ICD10	0BBG8ZX	10	3
ICD10	0HD8XZZ	10	3
ICD10	0B9K8ZX	10	3
ICD10	0LUQ0JZ	10	1
ICD10	0JN80ZZ	10	4
ICD10	A46	10	3
ICD10	0X6V0Z0	10	1
ICD10	0GTL0ZZ	10	2
ICD10	0DC38ZZ	10	2
ICD10	0Y6P0Z3	10	3
ICD10	00U207Z	10	2
ICD10	0WPB30Z	10	2
ICD10	0Y6H0Z3	10	4
ICD10	00BC0ZZ	10	2
ICD10	0HDKXZZ	10	4
ICD10	0FBG4ZX	10	4
ICD10	S44	10	3
ICD10	04HK33Z	10	3
ICD10	3E0F7GC	9	2
ICD10	0JHL3XZ	9	2
ICD10	0WBH0ZZ	9	2
ICD10	09JKXZZ	9	4
ICD10	02564ZZ	9	1
ICD10	03Q80ZZ	9	2
ICD10	0VB08ZZ	9	4
ICD10	0W3H0ZZ	9	1
ICD10	T69	9	4
ICD10	0K9J00Z	9	2
ICD10	0QB10ZX	9	2
ICD10	0S9B3ZX	9	2
ICD10	0BBH8ZX	9	1
ICD10	07B20ZZ	9	1
ICD10	B547ZZA	9	3
ICD10	0BTD4ZZ	9	2
ICD10	0DTN4ZZ	9	5
ICD10	05BD0ZZ	9	1
ICD10	0JBB0ZZ	9	3
ICD10	4A12X4Z	9	3
ICD10	4A00X4Z	9	3
ICD10	0KNT0ZZ	9	2
ICD10	05LP0ZZ	9	1
ICD10	04L33DZ	9	5
ICD10	0W9F0ZZ	9	2
ICD10	D40	9	6
ICD10	0Y6M0ZD	9	3
ICD10	0Y6M0ZC	9	3
ICD10	0Y6M0ZB	9	3
ICD10	3E1H88Z	9	2
ICD10	0W9J3ZZ	9	3
ICD10	0FC97ZZ	9	1
ICD10	0TN70ZZ	9	3
ICD10	0W9G4ZZ	9	3
ICD10	00JU0ZZ	9	2
ICD10	0TC48ZZ	9	1
ICD10	00B70ZZ	9	3
ICD10	027G3ZZ	9	1
ICD10	0TC78ZZ	9	1
ICD10	B3171ZZ	9	2
ICD10	0NU00JZ	9	4
ICD10	W45	9	8
ICD10	0QH634Z	9	2
ICD10	0QPH04Z	9	3
ICD10	0DTQ0ZZ	9	5
ICD10	0DBK0ZZ	9	1
ICD10	0BTC4ZZ	9	3
ICD10	04CR0ZZ	9	2
ICD10	GZB4ZZZ	9	2
ICD10	0RG00Z1	9	1
ICD10	G32	9	7
ICD10	04L23DZ	9	2
ICD10	07TM0ZZ	9	3
ICD10	0DB78ZX	9	3
ICD10	0KXS0ZZ	9	2
ICD10	0BTG0ZZ	9	2
ICD10	05CC3ZZ	9	2
ICD10	P12	9	2
ICD10	07BD0ZX	9	4
ICD10	09QW4ZZ	9	1
ICD10	04CR3ZZ	9	1
ICD10	02574ZK	9	1
ICD10	02574ZZ	9	1
ICD10	03H633Z	9	1
ICD10	00B73ZX	9	1
ICD10	0DB48ZX	9	3
ICD10	0T774DZ	9	1
ICD10	0GTK0ZZ	9	4
ICD10	Y90	9	6
ICD10	04H03DZ	9	1
ICD10	0FN44ZZ	9	3
ICD10	0QHG35Z	9	1
ICD10	Q14	9	4
ICD10	Q52	9	4
ICD10	B3121ZZ	9	3
ICD10	Q83	9	5
ICD10	B51N1ZZ	9	2
ICD10	07B10ZX	9	4
ICD10	0KBV0ZZ	9	3
ICD10	0J8P0ZZ	9	2
ICD10	0QB60ZZ	9	3
ICD10	0DNE4ZZ	9	3
ICD10	02Q53ZZ	9	3
ICD10	0DU607Z	9	2
ICD10	09RM47Z	9	1
ICD10	0RG4071	9	1
ICD10	0QSJ04Z	9	1
ICD10	079D3ZX	9	2
ICD10	0DB84ZZ	9	4
ICD10	0CBM8ZX	9	3
ICD10	0RG70K1	9	3
ICD10	B31SZZZ	9	3
ICD10	BB18YZZ	9	1
ICD10	0S993ZZ	9	3
ICD10	B514YZA	9	1
ICD10	04V93DZ	9	2
ICD10	0WC94ZZ	9	1
ICD10	06703ZZ	9	2
ICD10	05HP33Z	9	3
ICD10	J99	9	6
ICD10	0TJD8ZZ	9	3
ICD10	057D3ZZ	9	4
ICD10	05WYX3Z	9	2
ICD10	S26	9	4
ICD10	0T7D8ZZ	9	3
ICD10	03CJ3ZZ	9	1
ICD10	0DTF4ZZ	9	4
ICD10	0TC68ZZ	9	3
ICD10	0W3C0ZZ	9	2
ICD10	02WY3DZ	8	1
ICD10	09DW4ZZ	8	2
ICD10	025T3ZZ	8	1
ICD10	0JDN0ZZ	8	4
ICD10	T52	8	3
ICD10	0W394ZZ	8	1
ICD10	T60	8	4
ICD10	0DBE4ZZ	8	3
ICD10	00C40ZZ	8	2
ICD10	0BBD4ZZ	8	2
ICD10	01830	8	3
ICD10	3E043RZ	8	1
ICD10	0JH638Z	8	2
ICD10	07TP4ZZ	8	4
ICD10	B519ZZA	8	2
ICD10	0Y6J0Z1	8	3
ICD10	07BD3ZX	8	2
ICD10	0Q903ZX	8	2
ICD10	02L70CK	8	2
ICD10	0PT20ZZ	8	2
ICD10	10D17ZZ	8	2
ICD10	059530Z	8	2
ICD10	0DB30ZZ	8	1
ICD10	B5190ZA	8	1
ICD10	0SRB02A	8	3
ICD10	02UW0JZ	8	2
ICD10	0HBBXZX	8	2
ICD10	0D1B0ZL	8	2
ICD10	0KNL0ZZ	8	5
ICD10	0B714ZZ	8	1
ICD10	0HTU0ZZ	8	3
ICD10	0SRS01Z	8	1
ICD10	V47	8	6
ICD10	0DN64ZZ	8	4
ICD10	0BBJ4ZZ	8	2
ICD10	0D968ZZ	8	1
ICD10	0FB23ZX	8	3
ICD10	03PY07Z	8	2
ICD10	10D07Z3	8	4
ICD10	095M4ZZ	8	1
ICD10	0HBNXZX	8	3
ICD10	0RG0071	8	1
ICD10	0PSL04Z	8	2
ICD10	0T763DZ	8	5
ICD10	W23	8	6
ICD10	W27	8	4
ICD10	0KBM0ZZ	8	1
ICD10	0ST40ZZ	8	2
ICD10	0WBH3ZX	8	3
ICD10	8E090CZ	8	3
ICD10	025S3ZZ	8	1
ICD10	0CUS87Z	8	2
ICD10	00C43ZZ	8	1
ICD10	0PS304Z	8	1
ICD10	0BC58ZZ	8	1
ICD10	0QRD0JZ	8	3
ICD10	0JC40ZZ	8	1
ICD10	0B9J8ZZ	8	1
ICD10	0W994ZX	8	2
ICD10	06HC33Z	8	1
ICD10	8E098CZ	8	3
ICD10	04L93DZ	8	2
ICD10	047N3ZZ	8	3
ICD10	0HDDXZZ	8	1
ICD10	6A601ZZ	8	3
ICD10	0HRT076	8	2
ICD10	B21F1ZZ	8	5
ICD10	07TB0ZZ	8	2
ICD10	0W2FX0Z	8	1
ICD10	0PT10ZZ	8	2
ICD10	0F7C8DZ	8	1
ICD10	06BQ3ZZ	8	2
ICD10	0W9H0ZZ	8	2
ICD10	0BN14ZZ	8	1
ICD10	05733ZZ	8	3
ICD10	0HRKX74	8	4
ICD10	0WP8X0Z	8	2
ICD10	09DX4ZZ	8	2
ICD10	07BJ0ZX	8	2
ICD10	03783ZZ	8	4
ICD10	0BBG0ZX	8	2
ICD10	00970ZZ	8	1
ICD10	0F788DZ	8	1
ICD10	057F3ZZ	8	3
ICD10	0QBH0ZZ	8	2
ICD10	0SBC4ZZ	8	1
ICD10	0QBL0ZZ	8	3
ICD10	Z67	8	3
ICD10	4A0B7BZ	8	4
ICD10	0L820ZZ	8	1
ICD10	3E1F88Z	8	2
ICD10	0PSH04Z	8	2
ICD10	A28	8	4
ICD10	02RG38H	8	1
ICD10	05DY3ZZ	8	1
ICD10	A51	8	2
ICD10	0QHH35Z	8	1
ICD10	0BC68ZZ	8	1
ICD10	09DR4ZZ	8	2
ICD10	0BBF4ZX	8	2
ICD10	3E0U0GB	8	2
ICD10	B51MZZA	8	3
ICD10	0PB43ZX	8	2
ICD10	0N8B4ZZ	8	1
ICD10	0KNK0ZZ	8	5
ICD10	0RRJ0JZ	8	3
ICD10	2W6NXZZ	8	1
ICD10	30253N1	8	5
ICD10	0CB70ZZ	8	2
ICD10	0D20X0Z	8	4
ICD10	0VTTXZZ	8	7
ICD10	0FB00ZZ	8	4
ICD10	B90	8	2
ICD10	0DTM0ZZ	8	3
ICD10	K36	8	4
ICD10	0HRDX74	7	1
ICD10	02WAX3Z	7	1
ICD10	0RG20J0	7	1
ICD10	047C3DZ	7	3
ICD10	0JWS0JZ	7	1
ICD10	0JH63WZ	7	2
ICD10	0DQ38ZZ	7	1
ICD10	0QB40ZZ	7	2
ICD10	BQ14ZZZ	7	1
ICD10	0FB04ZX	7	4
ICD10	037L3DZ	7	5
ICD10	07BD4ZX	7	2
ICD10	2W2NX4Z	7	1
ICD10	0F913ZX	7	1
ICD10	0TB04ZZ	7	3
ICD10	0PSF04Z	7	2
ICD10	0SBD4ZZ	7	2
ICD10	0BTK0ZZ	7	1
ICD10	0TQ34ZZ	7	2
ICD10	0PS43ZZ	7	2
ICD10	07BH0ZX	7	2
ICD10	0BC48ZZ	7	1
ICD10	B51B1ZZ	7	2
ICD10	0UT10ZZ	7	3
ICD10	0D1B0ZP	7	2
ICD10	0NST35Z	7	1
ICD10	03BT0ZX	7	4
ICD10	05773ZZ	7	2
ICD10	0HRU077	7	2
ICD10	0SH908Z	7	2
ICD10	037G3ZZ	7	1
ICD10	0Y6J0Z2	7	4
ICD10	04V43DZ	7	2
ICD10	01840	7	1
ICD10	09DQ4ZZ	7	1
ICD10	0Y6M0ZF	7	3
ICD10	0SRB04A	7	2
ICD10	03U807Z	7	1
ICD10	0JH80VZ	7	2
ICD10	M61	7	4
ICD10	0UB70ZZ	7	3
ICD10	0DBF8ZX	7	4
ICD10	0NSS35Z	7	1
ICD10	02PA0MZ	7	2
ICD10	06PY3DZ	7	2
ICD10	05LF0ZZ	7	1
ICD10	0BBC8ZX	7	1
ICD10	0JDL0ZZ	7	1
ICD10	3E0K8GC	7	1
ICD10	0Y9D0ZZ	7	2
ICD10	E58	7	3
ICD10	04L43DZ	7	2
ICD10	0SRS0JA	7	2
ICD10	0UT60ZZ	7	3
ICD10	BQ111ZZ	7	1
ICD10	0CRS87Z	7	1
ICD10	0D1N4Z4	7	3
ICD10	0JCG0ZZ	7	1
ICD10	0W3Q4ZZ	7	1
ICD10	0JH60WZ	7	2
ICD10	0HBKXZZ	7	3
ICD10	0QB70ZZ	7	2
ICD10	BQ13ZZZ	7	1
ICD10	0D190ZA	7	1
ICD10	BW1CZZZ	7	1
ICD10	047H3DZ	7	4
ICD10	0DBS0ZX	7	3
ICD10	0NSV35Z	7	1
ICD10	3E1Y38Z	7	1
ICD10	0NBT0ZX	7	2
ICD10	F08Z1ZZ	7	5
ICD10	0NBT0ZZ	7	2
ICD10	O01	7	1
ICD10	0QS936Z	7	1
ICD10	0DNT4ZZ	7	4
ICD10	0QS804Z	7	2
ICD10	0SSGXZZ	7	1
ICD10	0QSC04Z	7	1
ICD10	0HNEXZZ	7	1
ICD10	O61	7	1
ICD10	0DB28ZX	7	3
ICD10	0B9N3ZZ	7	1
ICD10	0HQLXZZ	7	1
ICD10	0W9F3ZX	7	3
ICD10	X16	7	1
ICD10	0JBC0ZZ	7	3
ICD10	BF10YZZ	7	2
ICD10	0DQP0ZZ	7	2
ICD10	4A133J1	7	1
ICD10	X32	7	4
ICD10	00PU03Z	7	2
ICD10	X95	7	2
ICD10	0K9Q0ZZ	7	1
ICD10	0JPVXXZ	7	2
ICD10	0B9M8ZX	7	1
ICD10	0BJQ0ZZ	7	1
ICD10	P04	7	3
ICD10	0VLN0ZZ	7	1
ICD10	4A103BD	7	1
ICD10	0D734ZZ	7	1
ICD10	05CY3ZZ	7	1
ICD10	0SPB0JZ	7	3
ICD10	0D1A0ZA	7	2
ICD10	04BD0ZZ	7	1
ICD10	03HL33Z	7	1
ICD10	0UQGXZZ	7	5
ICD10	0BTD0ZZ	7	1
ICD10	0HD7XZZ	7	1
ICD10	03LC0ZZ	7	1
ICD10	0X6D0Z2	7	1
ICD10	GZB2ZZZ	7	2
ICD10	0DTS0ZZ	7	3
ICD10	0WCC0ZZ	7	1
ICD10	0TC13ZZ	7	2
ICD10	Q56	7	1
ICD10	0HNCXZZ	7	1
ICD10	0S9D4ZZ	7	1
ICD10	0QP804Z	7	1
ICD10	0GB04ZZ	7	3
ICD10	0Y950ZZ	7	2
ICD10	0D9H8ZX	7	1
ICD10	I52	7	2
ICD10	0KNS0ZZ	7	1
ICD10	0TT04ZZ	7	3
ICD10	06C03ZZ	7	2
ICD10	2W3RX1Z	7	1
ICD10	047D3ZZ	7	4
ICD10	0DQ84ZZ	7	2
ICD10	0SUR09Z	7	1
ICD10	04CH0ZZ	7	1
ICD10	0T133JD	7	1
ICD10	B31C1ZZ	7	1
ICD10	0U7C7ZZ	7	4
ICD10	0210093	7	2
ICD10	0RG70A1	7	2
ICD10	0B9C8ZZ	7	1
ICD10	0Q570ZZ	7	1
ICD10	0BTF0ZZ	7	2
ICD10	0DP6XUZ	7	2
ICD10	J66	7	1
ICD10	05BF0ZZ	7	1
ICD10	0TJ98ZZ	7	2
ICD10	0PQ0XZZ	7	1
ICD10	0D9P0ZZ	7	2
ICD10	07TC0ZZ	7	3
ICD10	BW11ZZZ	7	2
ICD10	0RG10AJ	7	1
ICD10	B33GZZZ	7	1
ICD10	0DJW0ZZ	7	2
ICD10	S48	7	2
ICD10	0J9P0ZZ	7	2
ICD10	03HQ33Z	7	1
ICD10	B246ZZ3	7	2
ICD10	0UB90ZZ	7	3
ICD10	0D9E8ZZ	7	1
ICD10	0DTB0ZZ	7	2
ICD10	8E0W3CZ	7	3
ICD10	0PU43JZ	7	2
ICD10	0SR903A	7	1
ICD10	0JDH0ZZ	7	1
ICD10	0DQR0ZZ	7	3
ICD10	095S0ZZ	6	1
ICD10	0BC18ZZ	6	2
ICD10	0Y6R0Z1	6	2
ICD10	K77	6	2
ICD10	0RRK0JZ	6	2
ICD10	0PS000Z	6	2
ICD10	04Q03ZZ	6	2
ICD10	0PSG36Z	6	1
ICD10	04H13DZ	6	1
ICD10	047N3DZ	6	1
ICD10	0TB70ZZ	6	1
ICD10	0HC4XZZ	6	1
ICD10	07973ZX	6	1
ICD10	T28	6	2
ICD10	3E0F7SD	6	2
ICD10	6A551Z0	6	2
ICD10	0DQL0ZZ	6	3
ICD10	0DV64ZZ	6	3
ICD10	0KU007Z	6	1
ICD10	0RQH4ZZ	6	1
ICD10	0D1B0ZQ	6	2
ICD10	0DP68UZ	6	1
ICD10	L99	6	1
ICD10	3E0F8GC	6	2
ICD10	0TC18ZZ	6	2
ICD10	0CB90ZZ	6	2
ICD10	009C00Z	6	1
ICD10	4A0FX3Z	6	4
ICD10	0BNK4ZZ	6	2
ICD10	07BC0ZZ	6	2
ICD10	0F9880Z	6	1
ICD10	B40D1ZZ	6	3
ICD10	0FN04ZZ	6	3
ICD10	B4131ZZ	6	1
ICD10	BD13ZZZ	6	1
ICD10	0WJB0ZZ	6	1
ICD10	05CD3ZZ	6	3
ICD10	3E01329	6	2
ICD10	02CF0ZZ	6	1
ICD10	02CR3ZZ	6	1
ICD10	0DV64CZ	6	1
ICD10	0T770DZ	6	1
ICD10	0F768ZZ	6	1
ICD10	0HRMX74	6	4
ICD10	0TT00ZZ	6	3
ICD10	0DP08DZ	6	1
ICD10	0DBN0ZX	6	2
ICD10	03UB0KZ	6	1
ICD10	04V53DZ	6	1
ICD10	057Y3ZZ	6	3
ICD10	0SRS01A	6	1
ICD10	B44LZZ3	6	2
ICD10	057C3ZZ	6	1
ICD10	E67	6	4
ICD10	00B70ZX	6	3
ICD10	09C1XZZ	6	1
ICD10	0B9L80Z	6	1
ICD10	0TB14ZZ	6	4
ICD10	02CQ3ZZ	6	1
ICD10	0D998ZX	6	1
ICD10	0DBC8ZX	6	3
ICD10	04HA3DZ	6	1
ICD10	BD14ZZZ	6	1
ICD10	0B9P30Z	6	1
ICD10	0W9D3ZX	6	2
ICD10	0HB8XZZ	6	2
ICD10	B4041ZZ	6	1
ICD10	0D778DZ	6	1
ICD10	0HBKXZX	6	5
ICD10	BB271ZZ	6	1
ICD10	W00	6	6
ICD10	03CM0ZZ	6	2
ICD10	0CDWXZ0	6	3
ICD10	0HB5XZZ	6	2
ICD10	0CDWXZ1	6	4
ICD10	W26	6	5
ICD10	W25	6	4
ICD10	4A02X4Z	6	2
ICD10	0J9L0ZZ	6	2
ICD10	07B60ZX	6	2
ICD10	0WJ90ZZ	6	1
ICD10	0WJD0ZZ	6	1
ICD10	04H93DZ	6	1
ICD10	00B10ZZ	6	1
ICD10	0RBK4ZZ	6	1
ICD10	0DQ50ZZ	6	2
ICD10	02UN0JZ	6	1
ICD10	O29	6	3
ICD10	3E03302	6	1
ICD10	O63	6	2
ICD10	0W994ZZ	6	2
ICD10	0S9B0ZZ	6	1
ICD10	O89	6	1
ICD10	4A133BC	6	1
ICD10	0TP5X0Z	6	2
ICD10	0GTQ0ZZ	6	3
ICD10	03180KF	6	2
ICD10	03180JD	6	2
ICD10	0T5B8ZZ	6	2
ICD10	0FBG3ZX	6	1
ICD10	0BC88ZZ	6	1
ICD10	BT41ZZZ	6	2
ICD10	C23GQZZ	6	2
ICD10	0DBP8ZZ	6	4
ICD10	0CB7XZX	6	4
ICD10	05C83ZZ	6	2
ICD10	0J9D0ZZ	6	2
ICD10	0C7S8ZZ	6	2
ICD10	0T780DZ	6	1
ICD10	0QBN0ZX	6	2
ICD10	099S4ZX	6	2
ICD10	0PSJ06Z	6	1
ICD10	047M3ZZ	6	4
ICD10	0T1847C	6	2
ICD10	08T0XZZ	6	1
ICD10	0SG30J1	6	2
ICD10	07BC4ZZ	6	3
ICD10	0HRHXK3	6	3
ICD10	Y28	6	4
ICD10	B4051ZZ	6	1
ICD10	0F7F8DZ	6	1
ICD10	0WPF4JZ	6	1
ICD10	3E0V37Z	6	2
ICD10	0D798DZ	6	1
ICD10	BR30ZZZ	6	1
ICD10	0PSG04Z	6	1
ICD10	B44BZZ3	6	1
ICD10	09C0XZZ	6	1
ICD10	047P3ZZ	6	5
ICD10	Q41	6	3
ICD10	6A650ZZ	6	1
ICD10	09BB0ZZ	6	1
ICD10	02QK0ZZ	6	2
ICD10	05PY07Z	6	1
ICD10	B51N1ZA	6	3
ICD10	02160KR	6	1
ICD10	0B928ZX	6	1
ICD10	021W0JQ	6	1
ICD10	0JCN0ZZ	6	3
ICD10	3E053PZ	6	1
ICD10	04V13DZ	6	1
ICD10	0QCC0ZZ	6	1
ICD10	I79	6	3
ICD10	009U0ZX	6	1
ICD10	03CY0ZZ	6	2
ICD10	07BB0ZX	6	1
ICD10	0BB53ZX	6	1
ICD10	0T180ZC	6	1
ICD10	09JK4ZZ	6	2
ICD10	09BN4ZZ	6	1
ICD10	0DB84ZX	6	2
ICD10	00C20ZZ	6	1
ICD10	0WQC0ZZ	6	1
ICD10	02RF07Z	6	1
ICD10	0NSV04Z	6	2
ICD10	R84	6	4
ICD10	A79	6	1
ICD10	0TB10ZZ	6	2
ICD10	0H9KXZZ	6	2
ICD10	0K9L00Z	6	1
ICD10	2W6MX0Z	6	1
ICD10	0T9B7ZX	6	1
ICD10	0TN60ZZ	6	1
ICD10	0U9M0ZZ	6	2
ICD10	05CA3ZZ	6	2
ICD10	0QP604Z	6	1
ICD10	0CBM0ZZ	6	2
ICD10	2W3MX2Z	6	1
ICD10	0RG10KJ	6	1
ICD10	4A13XR1	6	2
ICD10	0Y6S0Z0	6	3
ICD10	0NBP0ZZ	6	1
ICD10	0SRR03A	6	2
ICD10	S04	6	3
ICD10	0H9HXZX	6	1
ICD10	0GSR0ZZ	6	3
ICD10	02QM0ZZ	6	1
ICD10	027R0ZZ	6	1
ICD10	04LB0ZZ	6	1
ICD10	0WBC0ZZ	6	1
ICD10	0FB44ZX	6	1
ICD10	0JBD0ZZ	6	2
ICD10	099T4ZX	6	2
ICD10	04H53DZ	6	1
ICD10	BW38ZZZ	6	2
ICD10	3E1R38Z	6	1
ICD10	0SR901A	6	2
ICD10	07B50ZX	5	1
ICD10	05HQ33Z	5	1
ICD10	3E0U33Z	5	3
ICD10	BF45ZZZ	5	3
ICD10	0DH673Z	5	1
ICD10	0DTK4ZZ	5	1
ICD10	021V0ZQ	5	1
ICD10	BB4CZZZ	5	2
ICD10	BT17YZZ	5	1
ICD10	0X9K0ZZ	5	1
ICD10	0YQ60ZZ	5	1
ICD10	B030Y0Z	5	2
ICD10	0X6P0Z0	5	1
ICD10	C00	5	2
ICD10	0CT70ZZ	5	1
ICD10	0NUT07Z	5	1
ICD10	0B5P4ZZ	5	1
ICD10	0P840ZZ	5	1
ICD10	BF121ZZ	5	2
ICD10	0F754DZ	5	1
ICD10	B51B1ZA	5	2
ICD10	0D164Z9	5	2
ICD10	0D1L4Z4	5	2
ICD10	0D134Z6	5	1
ICD10	03140ZK	5	1
ICD10	B244YZZ	5	2
ICD10	0PB50ZZ	5	1
ICD10	0T174Z7	5	2
ICD10	0BCF4ZZ	5	1
ICD10	0TBB8ZX	5	3
ICD10	0QTP0ZZ	5	2
ICD10	0NRV07Z	5	1
ICD10	3E073GC	5	1
ICD10	0HPT0NZ	5	3
ICD10	0DB88ZX	5	2
ICD10	07BC0ZX	5	3
ICD10	041L09L	5	2
ICD10	02PY3DZ	5	2
ICD10	3E0G3GC	5	1
ICD10	3E0R3GC	5	2
ICD10	0DH98DZ	5	1
ICD10	4A143R0	5	1
ICD10	00P63JZ	5	2
ICD10	0T748DZ	5	1
ICD10	0BP1XFZ	5	2
ICD10	0Y670ZZ	5	1
ICD10	02C13ZZ	5	1
ICD10	0D548ZZ	5	1
ICD10	0BBC0ZZ	5	1
ICD10	0DQ30ZZ	5	1
ICD10	05743ZZ	5	1
ICD10	0HBMXZX	5	1
ICD10	0DNN0ZZ	5	2
ICD10	04CQ3ZZ	5	2
ICD10	0WWG33Z	5	1
ICD10	0HB7XZX	5	4
ICD10	0QSF04Z	5	2
ICD10	0DTB4ZZ	5	1
ICD10	07BB4ZX	5	1
ICD10	0SUC09C	5	2
ICD10	0KXQ0Z0	5	1
ICD10	02RF3JZ	5	1
ICD10	0NUV07Z	5	1
ICD10	06QG0ZZ	5	1
ICD10	037Y3DZ	5	1
ICD10	047M34Z	5	1
ICD10	V03	5	2
ICD10	0B9P40Z	5	1
ICD10	3E06317	5	1
ICD10	0D848ZZ	5	1
ICD10	0Y6T0Z1	5	2
ICD10	V29	5	4
ICD10	03L00ZZ	5	1
ICD10	0BB88ZX	5	1
ICD10	0Y6T0Z0	5	1
ICD10	10S07ZZ	5	1
ICD10	E32	5	4
ICD10	06HQ33Z	5	1
ICD10	0BDN4ZX	5	2
ICD10	0HRV077	5	2
ICD10	V80	5	2
ICD10	V86	5	2
ICD10	0W9H00Z	5	1
ICD10	0Y6W0Z1	5	2
ICD10	0W8NXZZ	5	1
ICD10	0CB30ZX	5	1
ICD10	061507Y	5	1
ICD10	0JHG3XZ	5	1
ICD10	8E0WXBF	5	1
ICD10	0QS60ZZ	5	1
ICD10	3E0R3NZ	5	2
ICD10	0DTP4ZZ	5	3
ICD10	10D07Z8	5	1
ICD10	B41FZZZ	5	1
ICD10	0DTE4ZZ	5	3
ICD10	0QB03ZX	5	1
ICD10	0HR7X74	5	3
ICD10	0VT00ZZ	5	2
ICD10	0UBGXZX	5	1
ICD10	0R9L3ZX	5	2
ICD10	0FBD8ZX	5	1
ICD10	04CP3ZZ	5	3
ICD10	5A0221D	5	1
ICD10	08123J4	5	1
ICD10	0SPG04Z	5	2
ICD10	W08	5	5
ICD10	4A043B0	5	1
ICD10	0J9L0ZX	5	1
ICD10	3E0L3TZ	5	2
ICD10	0WPGX0Z	5	3
ICD10	05Q40ZZ	5	1
ICD10	0QS504Z	5	2
ICD10	0TC03ZZ	5	1
ICD10	0KU107Z	5	1
ICD10	0KXK0Z6	5	2
ICD10	0UQMXZZ	5	3
ICD10	0SPFX5Z	5	1
ICD10	0PB03ZX	5	1
ICD10	30243V1	5	2
ICD10	0BP18FZ	5	1
ICD10	0THD8LZ	5	1
ICD10	02HK4KZ	5	1
ICD10	0FJD8ZZ	5	1
ICD10	03C70ZZ	5	1
ICD10	0B917ZZ	5	1
ICD10	0RGA071	5	1
ICD10	04CN0ZZ	5	2
ICD10	02PY0CZ	5	1
ICD10	0VPS0JZ	5	1
ICD10	03QJ0ZZ	5	1
ICD10	0UT00ZZ	5	3
ICD10	X19	5	3
ICD10	0NP00JZ	5	1
ICD10	0UB50ZZ	5	2
ICD10	0YU70JZ	5	1
ICD10	0JBN0ZX	5	2
ICD10	0HHV0NZ	5	1
ICD10	00163J6	5	3
ICD10	0D748ZZ	5	2
ICD10	B518ZZZ	5	1
ICD10	B34SZZZ	5	1
ICD10	P03	5	3
ICD10	0FJ44ZZ	5	2
ICD10	P35	5	3
ICD10	0T7C8ZZ	5	2
ICD10	0Y6C0Z3	5	3
ICD10	0JDR0ZZ	5	1
ICD10	0QBC0ZX	5	1
ICD10	0DQL4ZZ	5	2
ICD10	0DSA0ZZ	5	1
ICD10	Y00	5	2
ICD10	0CBS8ZZ	5	1
ICD10	0QTQ0ZZ	5	1
ICD10	03U40JZ	5	1
ICD10	00920	5	1
ICD10	0DTL4ZZ	5	2
ICD10	0DT64ZZ	5	1
ICD10	8E0ZXY6	5	1
ICD10	03753DZ	5	1
ICD10	0T787DZ	5	1
ICD10	H95	5	3
ICD10	0TC14ZZ	5	1
ICD10	02H60JZ	5	2
ICD10	0JDJ0ZZ	5	2
ICD10	0FB68ZX	5	1
ICD10	00NY0ZZ	5	2
ICD10	00HV3MZ	5	1
ICD10	0NHT04Z	5	1
ICD10	02RJ0JZ	5	1
ICD10	BF111ZZ	5	2
ICD10	3E0M05Z	5	3
ICD10	041K0KN	5	2
ICD10	0NBV0ZX	5	1
ICD10	0FQ90ZZ	5	1
ICD10	0DQM8ZZ	5	1
ICD10	B51C1ZA	5	1
ICD10	0H9T3ZZ	5	1
ICD10	02WA0QZ	5	1
ICD10	027V4DZ	5	1
ICD10	02WA3MZ	5	2
ICD10	0HB4XZZ	5	2
ICD10	00P600Z	5	1
ICD10	3E023GC	5	3
ICD10	02PA4MZ	5	1
ICD10	03QL0ZZ	5	1
ICD10	02BN4ZZ	5	1
ICD10	BT131ZZ	5	2
ICD10	0DT34ZZ	5	1
ICD10	0JB60ZZ	5	2
ICD10	06QY0ZZ	5	1
ICD10	0QRC0JZ	5	1
ICD10	0HB1XZX	5	3
ICD10	0JR507Z	5	2
ICD10	0B9N0ZZ	5	1
ICD10	0CBM8ZZ	5	2
ICD10	B40F1ZZ	5	2
ICD10	B4001ZZ	5	2
ICD10	0HQ4XZZ	5	2
ICD10	A90	5	2
ICD10	0KS40ZZ	5	1
ICD10	0TC74ZZ	5	1
ICD10	0DN90ZZ	5	2
ICD10	0QRH0JZ	5	1
ICD10	0DT84ZZ	5	2
ICD10	0DQA8ZZ	5	2
ICD10	0QPL04Z	5	2
ICD10	0QSH35Z	5	1
ICD10	0HTV0ZZ	5	1
ICD10	0T29X0Z	5	3
ICD10	05N50ZZ	5	1
ICD10	0T9770Z	5	1
ICD10	0F7D4DZ	5	1
ICD10	02VW0DZ	5	1
ICD10	0SG10K1	5	2
ICD10	0Y6S0Z1	5	1
ICD10	0SPC09Z	5	2
ICD10	067C3DZ	5	1
ICD10	0Y9C0ZZ	5	1
ICD10	047R3ZZ	5	4
ICD10	0Y993ZZ	5	1
ICD10	067F3ZZ	5	1
ICD10	0KBQ0ZX	5	1
ICD10	0T767DZ	5	2
ICD10	B34TZZZ	5	1
ICD10	0DBL8ZZ	5	4
ICD10	0BB78ZX	5	4
ICD10	0CB70ZX	5	1
ICD10	0D844ZZ	5	2
ICD10	0JH70DZ	5	1
ICD10	B340ZZ3	5	1
ICD10	0QUC07Z	5	1
ICD10	02B70ZK	5	2
ICD10	S78	5	2
ICD10	0W9600Z	5	1
ICD10	B78	5	3
ICD10	06CN3ZZ	5	2
ICD10	0HB9XZZ	5	2
ICD10	0SPC0JZ	5	1
ICD10	B4151ZZ	5	2
ICD10	02UR08Z	5	1
ICD10	04QL0ZZ	5	2
ICD10	3E1K78Z	5	3
ICD10	0NHV04Z	5	1
ICD10	0NB04ZZ	5	1
ICD10	B01B1ZZ	5	2
ICD10	0PB60ZZ	5	1
ICD10	06PYX3Z	4	1
ICD10	3E0U329	4	1
ICD10	0PB20ZZ	4	1
ICD10	B4181ZZ	4	1
ICD10	B51P1ZZ	4	2
ICD10	0FPB7DZ	4	1
ICD10	0F9500Z	4	1
ICD10	09BL8ZX	4	1
ICD10	B2021ZZ	4	1
ICD10	067G3ZZ	4	2
ICD10	0HDLXZZ	4	2
ICD10	B519YZZ	4	2
ICD10	0T913ZZ	4	1
ICD10	047Y3DZ	4	1
ICD10	03VY3DZ	4	1
ICD10	B519YZA	4	2
ICD10	0UDB7ZZ	4	1
ICD10	021K0ZW	4	1
ICD10	0FC68ZZ	4	1
ICD10	0HB2XZX	4	1
ICD10	0TB17ZX	4	1
ICD10	0JCL0ZZ	4	2
ICD10	0BNN4ZZ	4	1
ICD10	T58	4	3
ICD10	0UBG0ZZ	4	2
ICD10	0HQ2XZZ	4	1
ICD10	B5171ZZ	4	1
ICD10	0BNG8ZZ	4	1
ICD10	0BQP0ZZ	4	1
ICD10	0L8J0ZZ	4	2
ICD10	B3011ZZ	4	1
ICD10	04VE3ZZ	4	1
ICD10	4A14350	4	1
ICD10	0WHQ83Z	4	1
ICD10	04L63DZ	4	1
ICD10	02UQ07Z	4	1
ICD10	021K0KR	4	1
ICD10	BW30Y0Z	4	1
ICD10	B44FZZ3	4	1
ICD10	041L0KM	4	1
ICD10	021K0JR	4	1
ICD10	0J8F0ZZ	4	1
ICD10	0T513ZZ	4	1
ICD10	02Q60ZZ	4	1
ICD10	B408YZZ	4	1
ICD10	09JHXZZ	4	1
ICD10	0CB10ZZ	4	1
ICD10	0DBW0ZZ	4	2
ICD10	0QH034Z	4	1
ICD10	02HK3DZ	4	1
ICD10	047T3ZZ	4	2
ICD10	0JBM0ZZ	4	1
ICD10	0HRU075	4	2
ICD10	B241ZZ3	4	2
ICD10	0DHA7UZ	4	2
ICD10	0BBL3ZX	4	1
ICD10	3E0F8KZ	4	1
ICD10	00B03ZX	4	1
ICD10	05HM03Z	4	2
ICD10	0H9FXZX	4	1
ICD10	0UH97HZ	4	1
ICD10	02QG0ZZ	4	1
ICD10	0BB58ZX	4	2
ICD10	0QPG04Z	4	2
ICD10	0DP68DZ	4	1
ICD10	00P640Z	4	1
ICD10	0FJB8ZZ	4	1
ICD10	0DBB4ZZ	4	2
ICD10	0BUR0JZ	4	1
ICD10	0PB14ZZ	4	1
ICD10	0Y6X0Z3	4	1
ICD10	0DBT0ZZ	4	2
ICD10	B213YZZ	4	1
ICD10	0BBR4ZX	4	1
ICD10	0BP1XDZ	4	1
ICD10	0CBNXZZ	4	2
ICD10	0DQB4ZZ	4	1
ICD10	02RF0KZ	4	1
ICD10	0HTT0ZZ	4	2
ICD10	BT1C1ZZ	4	1
ICD10	0QH706Z	4	1
ICD10	0PSK04Z	4	1
ICD10	09QM4ZZ	4	1
ICD10	0SRB01Z	4	1
ICD10	0M9L3ZZ	4	1
ICD10	3E043KZ	4	1
ICD10	0KQ10ZZ	4	1
ICD10	0HBBXZZ	4	1
ICD10	M42	4	1
ICD10	0FC84ZZ	4	1
ICD10	0SBC0ZZ	4	1
ICD10	0D1B0ZB	4	3
ICD10	M91	4	2
ICD10	B50P1ZZ	4	1
ICD10	01920	4	2
ICD10	0J8R0ZZ	4	2
ICD10	BT1DYZZ	4	1
ICD10	0QP504Z	4	1
ICD10	V00	4	3
ICD10	V10	4	4
ICD10	V19	4	4
ICD10	3E0636Z	4	1
ICD10	BB14ZZZ	4	2
ICD10	E15	4	2
ICD10	B3021ZZ	4	1
ICD10	00B04ZZ	4	1
ICD10	E36	4	1
ICD10	0XP6XYZ	4	1
ICD10	08RK3JZ	4	1
ICD10	00BX0ZX	4	1
ICD10	B44LZZZ	4	2
ICD10	0MBD0ZZ	4	1
ICD10	B3141ZZ	4	1
ICD10	0YBN0ZZ	4	1
ICD10	0FB90ZX	4	1
ICD10	0B758ZZ	4	1
ICD10	05783ZZ	4	1
ICD10	0FBD0ZX	4	1
ICD10	0PB04ZX	4	1
ICD10	0Y6W0Z2	4	1
ICD10	0UJMXZZ	4	1
ICD10	041N09Q	4	1
ICD10	4A1H7CZ	4	2
ICD10	F07Z9FZ	4	4
ICD10	B3111ZZ	4	1
ICD10	DP082ZZ	4	1
ICD10	027R3ZZ	4	1
ICD10	0SSG04Z	4	1
ICD10	0TC34ZZ	4	1
ICD10	0TN64ZZ	4	1
ICD10	0FBG0ZX	4	1
ICD10	0HDRXZZ	4	2
ICD10	0BBG3ZX	4	2
ICD10	0GT34ZZ	4	1
ICD10	0PP004Z	4	1
ICD10	03PY0CZ	4	1
ICD10	02570ZK	4	1
ICD10	09JJXZZ	4	1
ICD10	0L8L0ZZ	4	2
ICD10	0B9N4ZX	4	1
ICD10	N51	4	1
ICD10	09913ZZ	4	1
ICD10	0WPP0YZ	4	1
ICD10	0DTA0ZZ	4	2
ICD10	0DT60ZZ	4	2
ICD10	0NBP4ZX	4	1
ICD10	BW3GZZZ	4	1
ICD10	3E0P7GC	4	2
ICD10	02HN4JZ	4	1
ICD10	04100A2	4	1
ICD10	0HHU0NZ	4	2
ICD10	0D190ZB	4	2
ICD10	00P03MZ	4	1
ICD10	W29	4	2
ICD10	0D9Q00Z	4	1
ICD10	W31	4	3
ICD10	F21	4	1
ICD10	0WW940Z	4	1
ICD10	W40	4	1
ICD10	W53	4	2
ICD10	0D168Z9	4	1
ICD10	02UF0JZ	4	1
ICD10	0F9G4ZX	4	1
ICD10	4A13353	4	1
ICD10	10H073Z	4	2
ICD10	0H0V0JZ	4	2
ICD10	06HY33Z	4	1
ICD10	02RW4JZ	4	1
ICD10	0F768DZ	4	2
ICD10	0BCK8ZZ	4	1
ICD10	02U507Z	4	1
ICD10	0HRMXK4	4	2
ICD10	0SGH04Z	4	1
ICD10	0F7D8ZZ	4	1
ICD10	O33	4	2
ICD10	099KXZZ	4	1
ICD10	04PY0JZ	4	2
ICD10	02NK0ZZ	4	1
ICD10	0KBN3ZX	4	1
ICD10	05754ZZ	4	1
ICD10	O87	4	2
ICD10	0WBC4ZX	4	1
ICD10	00H03MZ	4	1
ICD10	0B9N40Z	4	1
ICD10	05763ZZ	4	1
ICD10	0JQC0ZZ	4	2
ICD10	0TB74ZZ	4	2
ICD10	047U3ZZ	4	2
ICD10	057A3ZZ	4	2
ICD10	00NT0ZZ	4	1
ICD10	X10	4	3
ICD10	0QH604Z	4	1
ICD10	0QH736Z	4	1
ICD10	0HRKXK4	4	2
ICD10	0WPFX0Z	4	1
ICD10	0DC98ZZ	4	1
ICD10	0KXH0ZZ	4	1
ICD10	0CR407Z	4	1
ICD10	0UBMXZZ	4	1
ICD10	B51CZZA	4	1
ICD10	0WBH4ZX	4	1
ICD10	0Y6V0Z0	4	1
ICD10	0TTD8ZZ	4	1
ICD10	0DBE8ZZ	4	2
ICD10	0S9B00Z	4	1
ICD10	00903ZX	4	1
ICD10	0DSP4ZZ	4	2
ICD10	0W9C30Z	4	1
ICD10	0DBL4ZZ	4	1
ICD10	0YPBX3Z	4	1
ICD10	0D8R0ZZ	4	1
ICD10	03LV0ZZ	4	1
ICD10	0SB90ZZ	4	1
ICD10	0KQ20ZZ	4	1
ICD10	02VR0ZT	4	1
ICD10	0QPHX5Z	4	1
ICD10	0JCP0ZZ	4	1
ICD10	DPYC7ZZ	4	1
ICD10	BT13ZZZ	4	1
ICD10	0GTN0ZZ	4	1
ICD10	09HN8BZ	4	1
ICD10	0D980ZZ	4	1
ICD10	B205YZZ	4	1
ICD10	0Y960ZZ	4	1
ICD10	0SWBXJZ	4	1
ICD10	Y84	4	3
ICD10	0T903ZZ	4	1
ICD10	02BL3ZX	4	1
ICD10	2W03X6Z	4	1
ICD10	0HBTXZZ	4	1
ICD10	00UT0KZ	4	1
ICD10	0V950ZZ	4	1
ICD10	00UT0JZ	4	1
ICD10	0BB10ZX	4	1
ICD10	0B768ZZ	4	1
ICD10	0H57XZZ	4	2
ICD10	BQ101ZZ	4	1
ICD10	0DNV4ZZ	4	1
ICD10	0CQS0ZZ	4	1
ICD10	0J9900Z	4	1
ICD10	0DQ70ZZ	4	1
ICD10	0Q840ZZ	4	2
ICD10	0FC58ZZ	4	1
ICD10	0CBS0ZZ	4	1
ICD10	0B9H8ZX	4	3
ICD10	0DNG0ZZ	4	1
ICD10	B2061ZZ	4	1
ICD10	0HB0XZZ	4	2
ICD10	0JD40ZZ	4	1
ICD10	0QH134Z	4	1
ICD10	0B558ZZ	4	1
ICD10	0MB00ZZ	4	1
ICD10	0L8K0ZZ	4	2
ICD10	02VR0CT	4	1
ICD10	00BT0ZX	4	1
ICD10	02HR30Z	4	1
ICD10	0NQV0ZZ	4	2
ICD10	02160JQ	4	1
ICD10	02HR32Z	4	1
ICD10	0RGA0A1	4	1
ICD10	02WA0MZ	4	1
ICD10	0W9N3ZX	4	1
ICD10	B41DYZZ	4	3
ICD10	041K0JL	4	2
ICD10	02703Z6	4	1
ICD10	04U50JZ	4	1
ICD10	8E09XBH	4	2
ICD10	04V04DZ	4	1
ICD10	0PP304Z	4	1
ICD10	0NH60SZ	4	1
ICD10	0X943ZX	4	1
ICD10	057M4ZZ	4	1
ICD10	0TC08ZZ	4	1
ICD10	021149C	4	1
ICD10	0JBL0ZX	4	1
ICD10	0BBN4ZZ	4	1
ICD10	BR3CZZZ	4	1
ICD10	0HXMXZZ	4	1
ICD10	0BDN0ZZ	4	1
ICD10	0HHT0NZ	4	3
ICD10	0KBN0ZZ	4	2
ICD10	BT43ZZZ	4	1
ICD10	B41GYZZ	4	2
ICD10	0H95XZZ	4	1
ICD10	0GB00ZZ	4	2
ICD10	3E1U38Z	4	1
ICD10	0DNL0ZZ	4	2
ICD10	0PB00ZX	4	1
ICD10	0TF68ZZ	4	2
ICD10	07BM0ZZ	4	1
ICD10	03WY3JZ	4	1
ICD10	0W9G0ZZ	4	2
ICD10	0J9B0ZZ	4	1
ICD10	0WBF0ZX	4	1
ICD10	D0001ZZ	4	1
ICD10	B517YZA	4	1
ICD10	0J983ZZ	4	1
ICD10	0DX84Z5	4	1
ICD10	0KXJ0ZZ	4	1
ICD10	06B80ZX	4	1
ICD10	0WQN0ZZ	4	2
ICD10	0SBB0ZZ	4	1
ICD10	0DBJ0ZZ	4	1
ICD10	0DB40ZZ	4	1
ICD10	0F1D0ZB	4	1
ICD10	0F2BX0Z	4	1
ICD10	2W55X2Z	4	1
ICD10	B51V1ZA	4	2
ICD10	R83	4	1
ICD10	0WPG33Z	4	1
ICD10	0TB10ZX	4	2
ICD10	0D5K8ZZ	4	2
ICD10	0S993ZX	4	1
ICD10	0B718ZZ	4	1
ICD10	0CQ1XZZ	4	1
ICD10	0D9W3ZZ	4	1
ICD10	041J0JJ	4	1
ICD10	0S9C0ZZ	4	1
ICD10	0BUS0JZ	4	1
ICD10	0HBT3ZX	4	1
ICD10	05C63ZZ	4	1
ICD10	09HE06Z	4	1
ICD10	0B748ZZ	4	1
ICD10	02R90KZ	4	1
ICD10	0DB24ZZ	4	1
ICD10	03150J8	4	1
ICD10	0Y6H0Z2	4	2
ICD10	0RG10K1	4	1
ICD10	04UL0KZ	4	2
ICD10	0KXG0Z2	4	2
ICD10	0KX10ZZ	4	1
ICD10	B50N0ZZ	4	1
ICD10	2W13X6Z	4	2
ICD10	0DB90ZX	4	1
ICD10	0T7D8DZ	4	1
ICD10	B300YZZ	4	1
ICD10	0QS544Z	4	1
ICD10	0DQ90ZZ	4	1
ICD10	05793ZZ	4	1
ICD10	0DNB4ZZ	4	2
ICD10	00BC0ZX	4	1
ICD10	0F923ZX	4	1
ICD10	0PU307Z	4	1
ICD10	0BPK80Z	4	1
ICD10	B33RZZZ	4	1
ICD10	0QS9XZZ	4	1
ICD10	04U30JZ	4	1
ICD10	06PY03Z	4	1
ICD10	0UQG0ZZ	4	2
ICD10	02B70ZX	4	1
ICD10	S74	4	1
ICD10	S77	4	1
ICD10	07BP0ZZ	4	1
ICD10	B65	4	2
ICD10	0KB30ZZ	4	1
ICD10	041M09L	4	2
ICD10	BQ1H1ZZ	4	1
ICD10	0VTG0ZZ	4	1
ICD10	0WJP7ZZ	4	1
ICD10	0HBDXZZ	4	1
ICD10	DP092ZZ	4	1
ICD10	0L8M0ZZ	4	2
ICD10	K09	4	3
ICD10	0SR9019	4	1
ICD10	06183DY	3	1
ICD10	0UL70CZ	3	1
ICD10	0J963ZZ	3	1
ICD10	04UM0KZ	3	1
ICD10	02HK30Z	3	1
ICD10	0J9L3ZZ	3	1
ICD10	0BBL4ZX	3	1
ICD10	0GB24ZX	3	1
ICD10	0QSH05Z	3	1
ICD10	0YB60ZZ	3	1
ICD10	0BJQ4ZZ	3	1
ICD10	0QSH06Z	3	1
ICD10	0JB40ZZ	3	1
ICD10	0QHH05Z	3	1
ICD10	0QHH04Z	3	1
ICD10	0X950ZX	3	1
ICD10	0T143JD	3	1
ICD10	0JBJ0ZZ	3	1
ICD10	0P943ZX	3	1
ICD10	0DPD8DZ	3	1
ICD10	0DQE4ZZ	3	1
ICD10	02HN3JZ	3	1
ICD10	0RG20A1	3	1
ICD10	T32	3	2
ICD10	F08Z4ZZ	3	3
ICD10	0XB40ZZ	3	1
ICD10	0RG20AJ	3	1
ICD10	06HH33Z	3	1
ICD10	0SP004Z	3	1
ICD10	C47	3	2
ICD10	0UB10ZZ	3	1
ICD10	037A3ZZ	3	1
ICD10	0JUR0KZ	3	1
ICD10	04UK3JZ	3	1
ICD10	00Q20ZZ	3	1
ICD10	0QB10ZZ	3	1
ICD10	0QUG0KZ	3	1
ICD10	0WP80YZ	3	1
ICD10	0HBEXZX	3	1
ICD10	0D1A4ZA	3	1
ICD10	0W3K0ZZ	3	1
ICD10	0F9D3ZX	3	1
ICD10	0T1807C	3	1
ICD10	03CH0ZZ	3	1
ICD10	0SNDXZZ	3	1
ICD10	04V73DZ	3	1
ICD10	09DT4ZZ	3	2
ICD10	041L0KN	3	1
ICD10	0DR507Z	3	1
ICD10	041L0JQ	3	1
ICD10	041L0JN	3	2
ICD10	0T174ZB	3	1
ICD10	0D1B074	3	1
ICD10	04UK3KZ	3	1
ICD10	08CFXZZ	3	1
ICD10	0TBB8ZZ	3	1
ICD10	0RP104Z	3	1
ICD10	00943ZZ	3	1
ICD10	0B778DZ	3	1
ICD10	L62	3	1
ICD10	0QUL0KZ	3	1
ICD10	08QF3ZZ	3	1
ICD10	L75	3	2
ICD10	B51WYZA	3	1
ICD10	0SRB01A	3	1
ICD10	0JH639Z	3	1
ICD10	0SB00ZZ	3	1
ICD10	03PYX3Z	3	1
ICD10	0LNN3ZZ	3	1
ICD10	0TJB0ZZ	3	1
ICD10	BF0CYZZ	3	1
ICD10	0WBF3ZX	3	2
ICD10	0SUV09Z	3	1
ICD10	0BH07DZ	3	1
ICD10	0JH630Z	3	1
ICD10	0Y6U0Z3	3	1
ICD10	4A1004G	3	1
ICD10	057B3ZZ	3	1
ICD10	D42	3	2
ICD10	0JB83ZX	3	3
ICD10	0RP604Z	3	1
ICD10	0WJQ4ZZ	3	1
ICD10	0SNH0ZZ	3	1
ICD10	0CTX0Z1	3	1
ICD10	0C9P0ZZ	3	1
ICD10	0Q880ZZ	3	1
ICD10	07DR0ZZ	3	1
ICD10	0H9HX0Z	3	1
ICD10	0J9C0ZZ	3	2
ICD10	0TPBX0Z	3	2
ICD10	0J8W0ZZ	3	1
ICD10	0SQC0ZZ	3	1
ICD10	0FB20ZZ	3	2
ICD10	0DQ74ZZ	3	1
ICD10	F08Z4FZ	3	3
ICD10	0WCC4ZZ	3	1
ICD10	0SRB02Z	3	1
ICD10	0SRB039	3	1
ICD10	0HPT0JZ	3	2
ICD10	BQ1DZZZ	3	1
ICD10	0271346	3	1
ICD10	099R4ZZ	3	2
ICD10	0TBB7ZZ	3	1
ICD10	0C9J00Z	3	1
ICD10	BR191ZZ	3	1
ICD10	0W9800Z	3	1
ICD10	0QSG36Z	3	1
ICD10	0Q8G0ZZ	3	1
ICD10	07953ZX	3	2
ICD10	0DW68UZ	3	1
ICD10	041C0JQ	3	1
ICD10	0KXF0Z2	3	1
ICD10	0QUB0KZ	3	1
ICD10	0DQK8ZZ	3	1
ICD10	F00ZJWZ	3	1
ICD10	0B9D8ZZ	3	1
ICD10	3E05017	3	1
ICD10	03BH0ZZ	3	1
ICD10	05HN03Z	3	1
ICD10	0NPW04Z	3	2
ICD10	0NR20JZ	3	1
ICD10	03UM0KZ	3	1
ICD10	0QU407Z	3	1
ICD10	V18	3	3
ICD10	V23	3	2
ICD10	V28	3	1
ICD10	0D9J30Z	3	1
ICD10	E25	3	3
ICD10	02UK07Z	3	1
ICD10	V48	3	2
ICD10	0KBS3ZX	3	1
ICD10	3E0H7GC	3	1
ICD10	E40	3	1
ICD10	4A1H74Z	3	1
ICD10	V79	3	3
ICD10	06L33ZZ	3	1
ICD10	0DNH0ZZ	3	1
ICD10	BW201ZZ	3	1
ICD10	02NH0ZZ	3	1
ICD10	0W9D40Z	3	1
ICD10	2W3QXYZ	3	1
ICD10	0TTB4ZZ	3	1
ICD10	0DBN8ZZ	3	1
ICD10	2W30XYZ	3	2
ICD10	0WUL07Z	3	1
ICD10	0WJC4ZZ	3	1
ICD10	0UT2FZZ	3	2
ICD10	0QTN0ZZ	3	1
ICD10	03QH0ZZ	3	1
ICD10	10D07Z6	3	1
ICD10	0BQ54ZZ	3	1
ICD10	0HB8XZX	3	1
ICD10	02570ZZ	3	1
ICD10	N86	3	3
ICD10	0R9L3ZZ	3	2
ICD10	06WY3DZ	3	1
ICD10	N96	3	1
ICD10	0QS004Z	3	1
ICD10	06L83ZZ	3	1
ICD10	0SRC0JZ	3	1
ICD10	0DNM0ZZ	3	1
ICD10	0UJH8ZZ	3	3
ICD10	04VH3DZ	3	1
ICD10	0LNP3ZZ	3	1
ICD10	BW251ZZ	3	1
ICD10	0TRB07Z	3	1
ICD10	W09	3	3
ICD10	0DN83ZZ	3	1
ICD10	W14	3	2
ICD10	W21	3	3
ICD10	0QBM0ZZ	3	2
ICD10	03UH0KZ	3	1
ICD10	0UQG4ZZ	3	1
ICD10	F59	3	1
ICD10	W86	3	1
ICD10	F78	3	1
ICD10	02RH08Z	3	1
ICD10	06QD0ZZ	3	1
ICD10	0CTW0Z1	3	1
ICD10	0J960ZZ	3	2
ICD10	0JC70ZZ	3	1
ICD10	047K3DZ	3	1
ICD10	0KXK0ZZ	3	1
ICD10	0DBL3ZX	3	1
ICD10	0V508ZZ	3	2
ICD10	0B948ZZ	3	1
ICD10	0LNM3ZZ	3	1
ICD10	0LM40ZZ	3	1
ICD10	30243W1	3	1
ICD10	B410YZZ	3	2
ICD10	0QU40JZ	3	1
ICD10	0H9AXZZ	3	1
ICD10	0Y6D0Z1	3	1
ICD10	0H9LXZZ	3	3
ICD10	0W9D4ZX	3	1
ICD10	04UC3JZ	3	1
ICD10	0CRS0JZ	3	2
ICD10	09DS4ZZ	3	2
ICD10	O64	3	3
ICD10	0B9C3ZX	3	1
ICD10	0BBL0ZX	3	1
ICD10	F08Z2FZ	3	3
ICD10	04JY3ZZ	3	1
ICD10	0QPGX5Z	3	1
ICD10	O94	3	1
ICD10	0TBC8ZZ	3	1
ICD10	0W9K0ZZ	3	2
ICD10	03C83ZZ	3	1
ICD10	0RG80A1	3	1
ICD10	0QUH07Z	3	1
ICD10	0JQN0ZZ	3	3
ICD10	0BNJ4ZZ	3	1
ICD10	3E033WL	3	1
ICD10	02Q64ZZ	3	1
ICD10	0T170J7	3	1
ICD10	B34HZZZ	3	1
ICD10	X76	3	1
ICD10	0UT7FZZ	3	2
ICD10	0DB78ZZ	3	1
ICD10	0BBL8ZX	3	2
ICD10	02UM07Z	3	1
ICD10	0H9JX0Z	3	1
ICD10	00T70ZZ	3	1
ICD10	0K9G3ZX	3	1
ICD10	0NBS0ZZ	3	2
ICD10	0QSJ0ZZ	3	1
ICD10	08B43ZZ	3	1
ICD10	02UM0JZ	3	1
ICD10	3E033FZ	3	1
ICD10	0QPF04Z	3	1
ICD10	02LR3ZT	3	1
ICD10	0HRNXK4	3	1
ICD10	07BD0ZZ	3	1
ICD10	0T170ZB	3	1
ICD10	0KBH0ZZ	3	1
ICD10	0Y6N0Z4	3	1
ICD10	0CX30ZZ	3	1
ICD10	0CU207Z	3	1
ICD10	BR1HZZZ	3	1
ICD10	0SHB08Z	3	1
ICD10	009530Z	3	1
ICD10	0DQ64ZZ	3	1
ICD10	06L13ZZ	3	1
ICD10	0QS906Z	3	1
ICD10	B41J1ZZ	3	1
ICD10	02RG0KZ	3	1
ICD10	0DQH0ZZ	3	1
ICD10	B3081ZZ	3	1
ICD10	0HR5X73	3	1
ICD10	047L0ZZ	3	1
ICD10	02C10ZZ	3	1
ICD10	0CBS8ZX	3	1
ICD10	00BW0ZZ	3	1
ICD10	03LY0ZZ	3	1
ICD10	0T9D70Z	3	1
ICD10	0KN70ZZ	3	1
ICD10	02RJ08Z	3	1
ICD10	BT20ZZZ	3	1
ICD10	BW41ZZZ	3	1
ICD10	02UP07Z	3	1
ICD10	0BBD8ZX	3	1
ICD10	H42	3	3
ICD10	B41GZZZ	3	1
ICD10	04UD3JZ	3	1
ICD10	0JD70ZZ	3	1
ICD10	037K3DZ	3	2
ICD10	0SB40ZZ	3	1
ICD10	02L74DK	3	1
ICD10	0F9530Z	3	1
ICD10	0BB10ZZ	3	1
ICD10	0WUL0KZ	3	1
ICD10	0QB50ZZ	3	1
ICD10	03C10ZZ	3	1
ICD10	B3151ZZ	3	2
ICD10	047J34Z	3	1
ICD10	BF141ZZ	3	1
ICD10	0YQ50ZZ	3	1
ICD10	04CM4ZZ	3	1
ICD10	0JPT00Z	3	1
ICD10	021309W	3	1
ICD10	Q00	3	2
ICD10	0QSL04Z	3	1
ICD10	0FC44ZZ	3	1
ICD10	0213093	3	1
ICD10	07B23ZX	3	1
ICD10	04CT0ZZ	3	1
ICD10	0WBL0ZZ	3	1
ICD10	0JQ00ZZ	3	1
ICD10	0CRWXJ0	3	1
ICD10	047M3DZ	3	1
ICD10	0D1B4Z4	3	2
ICD10	0L8V0ZZ	3	1
ICD10	0LBW0ZZ	3	1
ICD10	00BT0ZZ	3	1
ICD10	0D1B4ZL	3	1
ICD10	0J9R0ZZ	3	2
ICD10	0YB50ZZ	3	1
ICD10	0KX04Z0	3	1
ICD10	041K0KQ	3	1
ICD10	B208YZZ	3	1
ICD10	0SG00J1	3	1
ICD10	0JB00ZZ	3	1
ICD10	0KB50ZX	3	1
ICD10	B50W1ZZ	3	2
ICD10	0VT34ZZ	3	2
ICD10	04UL3JZ	3	1
ICD10	0QP00JZ	3	1
ICD10	0JC80ZZ	3	1
ICD10	08QE3ZZ	3	1
ICD10	3E0H36Z	3	1
ICD10	0BDN0ZX	3	1
ICD10	0SRD0JA	3	1
ICD10	B218YZZ	3	2
ICD10	0SR90J9	3	1
ICD10	0DBK4ZZ	3	2
ICD10	5A09358	3	1
ICD10	0J970ZZ	3	1
ICD10	02100KW	3	1
ICD10	0UT64ZZ	3	2
ICD10	0WJR4ZZ	3	1
ICD10	0L8S0ZZ	3	1
ICD10	00QT0ZZ	3	1
ICD10	0TTB0ZZ	3	1
ICD10	0JUQ0KZ	3	1
ICD10	01500	3	1
ICD10	00160	3	1
ICD10	02100A3	3	1
ICD10	0D1N0J4	3	1
ICD10	F08Z7FZ	3	2
ICD10	0UN90ZZ	3	1
ICD10	A44	3	1
ICD10	0TU68JZ	3	1
ICD10	0QHG04Z	3	1
ICD10	B4121ZZ	3	2
ICD10	0F190ZB	3	1
ICD10	R75	3	1
ICD10	0LM30ZZ	3	1
ICD10	A67	3	2
ICD10	R86	3	3
ICD10	0JPV3XZ	3	1
ICD10	0WPF00Z	3	1
ICD10	027234Z	3	1
ICD10	0QP904Z	3	1
ICD10	0TC43ZZ	3	1
ICD10	0HCU0ZZ	3	1
ICD10	0SG30A0	3	1
ICD10	0DBG8ZX	3	2
ICD10	0DNE3ZZ	3	1
ICD10	B41B110	3	1
ICD10	0TP9XDZ	3	1
ICD10	057D3DZ	3	1
ICD10	B210YZZ	3	1
ICD10	3E0102A	3	1
ICD10	0DBS4ZZ	3	1
ICD10	0XB50ZZ	3	1
ICD10	099Q4ZZ	3	2
ICD10	0SH004Z	3	1
ICD10	